account_id,email,region_code,tier,customer_id,annual_spend
A-0001,user4@example.com,NA,free,1,0
A-0002,user5@example.com,EU,pro,2,19
A-0003,user6@example.com,APAC,enterprise,3,38
A-0004,user7@example.com,LATAM,free,4,57
A-0005,user8@example.com,NA,pro,5,76
A-0006,user9@example.com,EU,enterprise,6,95
A-0007,user10@example.com,APAC,free,7,114
A-0008,user11@example.com,LATAM,pro,8,133
A-0009,user12@example.com,NA,enterprise,9,152
A-0010,user13@example.com,EU,free,10,171
A-0011,user14@example.com,APAC,pro,11,190
A-0012,user15@example.com,LATAM,enterprise,12,209
A-0013,user16@example.com,NA,free,13,228
A-0014,user17@example.com,EU,pro,14,247
A-0015,user18@example.com,APAC,enterprise,15,266
A-0016,user19@example.com,LATAM,free,16,285
A-0017,user20@example.com,NA,pro,17,304
A-0018,user21@example.com,EU,enterprise,18,323
A-0019,user22@example.com,APAC,free,19,342
A-0020,user23@example.com,LATAM,pro,20,361
A-0021,user24@example.com,NA,enterprise,21,380
A-0022,user25@example.com,EU,free,22,399
A-0023,user26@example.com,APAC,pro,23,418
A-0024,user27@example.com,LATAM,enterprise,24,437
A-0025,user28@example.com,NA,free,25,456
A-0026,user29@example.com,EU,pro,26,475
A-0027,user30@example.com,APAC,enterprise,27,494
A-0028,user31@example.com,LATAM,free,28,513
A-0029,user32@example.com,NA,pro,29,532
A-0030,user33@example.com,EU,enterprise,30,551
A-0031,user34@example.com,APAC,free,31,570
A-0032,user35@example.com,LATAM,pro,32,589
A-0033,user36@example.com,NA,enterprise,33,608
A-0034,user37@example.com,EU,free,34,627
A-0035,user38@example.com,APAC,pro,35,646
A-0036,user39@example.com,LATAM,enterprise,36,665
A-0037,user40@example.com,NA,free,37,684
A-0038,user41@example.com,EU,pro,38,703
A-0039,user42@example.com,APAC,enterprise,39,722
A-0040,user43@example.com,LATAM,free,40,741
A-0041,user44@example.com,NA,pro,41,760
A-0042,user45@example.com,EU,enterprise,42,779
A-0043,user46@example.com,APAC,free,43,798
A-0044,user47@example.com,LATAM,pro,44,817
A-0045,user48@example.com,NA,enterprise,45,836
A-0046,user49@example.com,EU,free,46,855
A-0047,user50@example.com,APAC,pro,47,874
A-0048,user51@example.com,LATAM,enterprise,48,893
A-0049,user52@example.com,NA,free,49,912
A-0050,user53@example.com,EU,pro,50,931
A-0051,user54@example.com,APAC,enterprise,51,950
A-0052,user55@example.com,LATAM,free,52,969
A-0053,user56@example.com,NA,pro,53,988
A-0054,user57@example.com,EU,enterprise,54,1007
A-0055,user58@example.com,APAC,free,55,1026
A-0056,user59@example.com,LATAM,pro,56,1045
A-0057,user60@example.com,NA,enterprise,57,1064
A-0058,user61@example.com,EU,free,58,1083
A-0059,user62@example.com,APAC,pro,59,1102
A-0060,user63@example.com,LATAM,enterprise,60,1121
A-0061,user64@example.com,NA,free,61,1140
A-0062,user65@example.com,EU,pro,62,1159
A-0063,user66@example.com,APAC,enterprise,63,1178
A-0064,user67@example.com,LATAM,free,64,1197
A-0065,user68@example.com,NA,pro,65,1216
A-0066,user69@example.com,EU,enterprise,66,1235
A-0067,user70@example.com,APAC,free,67,1254
A-0068,user71@example.com,LATAM,pro,68,1273
A-0069,user72@example.com,NA,enterprise,69,1292
A-0070,user73@example.com,EU,free,70,1311
A-0071,user74@example.com,APAC,pro,71,1330
A-0072,user75@example.com,LATAM,enterprise,72,1349
A-0073,user76@example.com,NA,free,73,1368
A-0074,user77@example.com,EU,pro,74,1387
A-0075,user78@example.com,APAC,enterprise,75,1406
A-0076,user79@example.com,LATAM,free,76,1425
A-0077,user80@example.com,NA,pro,77,1444
A-0078,user81@example.com,EU,enterprise,78,1463
A-0079,user82@example.com,APAC,free,79,1482
A-0080,user83@example.com,LATAM,pro,80,1501
A-0081,alan@example.com,NA,enterprise,81,1520
A-0082,user85@example.com,EU,free,82,1539
A-0083,user86@example.com,APAC,pro,83,1558
A-0084,user87@example.com,LATAM,enterprise,84,1577
A-0085,user88@example.com,NA,free,85,1596
A-0086,user89@example.com,EU,pro,86,1615
A-0087,grace@example.com,APAC,enterprise,87,1634
A-0088,user91@example.com,LATAM,free,88,1653
A-0089,user92@example.com,NA,pro,89,1672
A-0090,user93@example.com,EU,enterprise,90,1691
A-0091,user94@example.com,APAC,free,91,1710
A-0092,user95@example.com,LATAM,pro,92,1729
A-0093,user96@example.com,NA,enterprise,93,1748
A-0094,user97@example.com,EU,free,94,1767
A-0095,ada@example.com,APAC,pro,95,1786
A-0096,user99@example.com,LATAM,enterprise,96,1805
A-0097,user100@example.com,NA,free,97,1824
A-0098,user101@example.com,EU,pro,98,1843
A-0099,user102@example.com,APAC,enterprise,99,1862
A-0100,user103@example.com,LATAM,free,100,1881
A-0101,user104@example.com,NA,pro,101,1900
A-0102,user105@example.com,EU,enterprise,102,1919
A-0103,user106@example.com,APAC,free,103,1938
A-0104,user107@example.com,LATAM,pro,104,1957
A-0105,user108@example.com,NA,enterprise,105,1976
A-0106,user109@example.com,EU,free,106,1995
A-0107,user110@example.com,APAC,pro,107,2014
A-0108,user111@example.com,LATAM,enterprise,108,2033
A-0109,user112@example.com,NA,free,109,2052
A-0110,user113@example.com,EU,pro,110,2071
A-0111,user114@example.com,APAC,enterprise,111,2090
A-0112,user115@example.com,LATAM,free,112,2109
A-0113,user116@example.com,NA,pro,113,2128
A-0114,user117@example.com,EU,enterprise,114,2147
A-0115,user118@example.com,APAC,free,115,2166
A-0116,user119@example.com,LATAM,pro,116,2185
A-0117,user120@example.com,NA,enterprise,117,2204
A-0118,user121@example.com,EU,free,118,2223
A-0119,user122@example.com,APAC,pro,119,2242
A-0120,user123@example.com,LATAM,enterprise,120,2261
A-0121,user124@example.com,NA,free,121,2280
A-0122,user125@example.com,EU,pro,122,2299
A-0123,user126@example.com,APAC,enterprise,123,2318
A-0124,user127@example.com,LATAM,free,124,2337
A-0125,user128@example.com,NA,pro,125,2356
A-0126,user129@example.com,EU,enterprise,126,2375
A-0127,user130@example.com,APAC,free,127,2394
A-0128,user131@example.com,LATAM,pro,128,2413
A-0129,user132@example.com,NA,enterprise,129,2432
A-0130,user133@example.com,EU,free,130,2451
A-0131,user134@example.com,APAC,pro,131,2470
A-0132,user135@example.com,LATAM,enterprise,132,2489
A-0133,user136@example.com,NA,free,133,2508
A-0134,user137@example.com,EU,pro,134,2527
A-0135,user138@example.com,APAC,enterprise,135,2546
A-0136,user139@example.com,LATAM,free,136,2565
A-0137,user140@example.com,NA,pro,137,2584
A-0138,user141@example.com,EU,enterprise,138,2603
A-0139,user142@example.com,APAC,free,139,2622
A-0140,user143@example.com,LATAM,pro,140,2641
A-0141,user144@example.com,NA,enterprise,141,2660
A-0142,user145@example.com,EU,free,142,2679
A-0143,user146@example.com,APAC,pro,143,2698
A-0144,user147@example.com,LATAM,enterprise,144,2717
A-0145,user148@example.com,NA,free,145,2736
A-0146,user149@example.com,EU,pro,146,2755
A-0147,user150@example.com,APAC,enterprise,147,2774
A-0148,user151@example.com,LATAM,free,148,2793
A-0149,user152@example.com,NA,pro,149,2812
A-0150,user153@example.com,EU,enterprise,150,2831
A-0151,user154@example.com,APAC,free,151,2850
A-0152,user155@example.com,LATAM,pro,152,2869
A-0153,user156@example.com,NA,enterprise,153,2888
A-0154,user157@example.com,EU,free,154,2907
A-0155,user158@example.com,APAC,pro,155,2926
A-0156,user159@example.com,LATAM,enterprise,156,2945
A-0157,user160@example.com,NA,free,157,2964
A-0158,user161@example.com,EU,pro,158,2983
A-0159,user162@example.com,APAC,enterprise,159,3002
A-0160,user163@example.com,LATAM,free,160,3021
A-0161,user164@example.com,NA,pro,161,3040
A-0162,user165@example.com,EU,enterprise,162,3059
A-0163,user166@example.com,APAC,free,163,3078
A-0164,alan@example.com,LATAM,pro,164,3097
A-0165,user168@example.com,NA,enterprise,165,3116
A-0166,user169@example.com,EU,free,166,3135
A-0167,user170@example.com,APAC,pro,167,3154
A-0168,user171@example.com,LATAM,enterprise,168,3173
A-0169,user172@example.com,NA,free,169,3192
A-0170,user173@example.com,EU,pro,170,3211
A-0171,user174@example.com,APAC,enterprise,171,3230
A-0172,user175@example.com,LATAM,free,172,3249
A-0173,user176@example.com,NA,pro,173,3268
A-0174,user177@example.com,EU,enterprise,174,3287
A-0175,user178@example.com,APAC,free,175,3306
A-0176,grace@example.com,LATAM,pro,176,3325
A-0177,user180@example.com,NA,enterprise,177,3344
A-0178,user181@example.com,EU,free,178,3363
A-0179,user182@example.com,APAC,pro,179,3382
A-0180,user183@example.com,LATAM,enterprise,180,3401
A-0181,user184@example.com,NA,free,181,3420
A-0182,user185@example.com,EU,pro,182,3439
A-0183,user186@example.com,APAC,enterprise,183,3458
A-0184,user187@example.com,LATAM,free,184,3477
A-0185,user188@example.com,NA,pro,185,3496
A-0186,user189@example.com,EU,enterprise,186,3515
A-0187,user190@example.com,APAC,free,187,3534
A-0188,user191@example.com,LATAM,pro,188,3553
A-0189,user192@example.com,NA,enterprise,189,3572
A-0190,user193@example.com,EU,free,190,3591
A-0191,user194@example.com,APAC,pro,191,3610
A-0192,ada@example.com,LATAM,enterprise,192,3629
A-0193,user196@example.com,NA,free,193,3648
A-0194,user197@example.com,EU,pro,194,3667
A-0195,user198@example.com,APAC,enterprise,195,3686
A-0196,user199@example.com,LATAM,free,196,3705
A-0197,user200@example.com,NA,pro,197,3724
A-0198,user201@example.com,EU,enterprise,198,3743
A-0199,user202@example.com,APAC,free,199,3762
A-0200,user203@example.com,LATAM,pro,200,3781
A-0201,user204@example.com,NA,enterprise,201,3800
A-0202,user205@example.com,EU,free,202,3819
A-0203,user206@example.com,APAC,pro,203,3838
A-0204,user207@example.com,LATAM,enterprise,204,3857
A-0205,user208@example.com,NA,free,205,3876
A-0206,user209@example.com,EU,pro,206,3895
A-0207,user210@example.com,APAC,enterprise,207,3914
A-0208,user211@example.com,LATAM,free,208,3933
A-0209,user212@example.com,NA,pro,209,3952
A-0210,user213@example.com,EU,enterprise,210,3971
A-0211,user214@example.com,APAC,free,211,3990
A-0212,user215@example.com,LATAM,pro,212,4009
A-0213,user216@example.com,NA,enterprise,213,4028
A-0214,user217@example.com,EU,free,214,4047
A-0215,user218@example.com,APAC,pro,215,4066
A-0216,user219@example.com,LATAM,enterprise,216,4085
A-0217,user220@example.com,NA,free,217,4104
A-0218,user221@example.com,EU,pro,218,4123
A-0219,user222@example.com,APAC,enterprise,219,4142
A-0220,user223@example.com,LATAM,free,220,4161
A-0221,user224@example.com,NA,pro,221,4180
A-0222,user225@example.com,EU,enterprise,222,4199
A-0223,user226@example.com,APAC,free,223,4218
A-0224,user227@example.com,LATAM,pro,224,4237
A-0225,user228@example.com,NA,enterprise,225,4256
A-0226,user229@example.com,EU,free,226,4275
A-0227,user230@example.com,APAC,pro,227,4294
A-0228,user231@example.com,LATAM,enterprise,228,4313
A-0229,user232@example.com,NA,free,229,4332
A-0230,user233@example.com,EU,pro,230,4351
A-0231,user234@example.com,APAC,enterprise,231,4370
A-0232,user235@example.com,LATAM,free,232,4389
A-0233,user236@example.com,NA,pro,233,4408
A-0234,user237@example.com,EU,enterprise,234,4427
A-0235,user238@example.com,APAC,free,235,4446
A-0236,user239@example.com,LATAM,pro,236,4465
A-0237,user240@example.com,NA,enterprise,237,4484
A-0238,user241@example.com,EU,free,238,4503
A-0239,user242@example.com,APAC,pro,239,4522
A-0240,user243@example.com,LATAM,enterprise,240,4541
A-0241,user244@example.com,NA,free,241,4560
A-0242,user245@example.com,EU,pro,242,4579
A-0243,user246@example.com,APAC,enterprise,243,4598
A-0244,user247@example.com,LATAM,free,244,4617
A-0245,user248@example.com,NA,pro,245,4636
A-0246,user249@example.com,EU,enterprise,246,4655
A-0247,alan@example.com,APAC,free,247,4674
A-0248,user251@example.com,LATAM,pro,248,4693
A-0249,user252@example.com,NA,enterprise,249,4712
A-0250,user253@example.com,EU,free,250,4731
A-0251,user254@example.com,APAC,pro,251,4750
A-0252,user255@example.com,LATAM,enterprise,252,4769
A-0253,user256@example.com,NA,free,253,4788
A-0254,user257@example.com,EU,pro,254,4807
A-0255,user258@example.com,APAC,enterprise,255,4826
A-0256,user259@example.com,LATAM,free,256,4845
A-0257,user260@example.com,NA,pro,257,4864
A-0258,user261@example.com,EU,enterprise,258,4883
A-0259,user262@example.com,APAC,free,259,4902
A-0260,user263@example.com,LATAM,pro,260,4921
A-0261,user264@example.com,NA,enterprise,261,4940
A-0262,user265@example.com,EU,free,262,4959
A-0263,user266@example.com,APAC,pro,263,4978
A-0264,user267@example.com,LATAM,enterprise,264,4997
A-0265,grace@example.com,NA,free,265,5016
A-0266,user269@example.com,EU,pro,266,5035
A-0267,user270@example.com,APAC,enterprise,267,5054
A-0268,user271@example.com,LATAM,free,268,5073
A-0269,user272@example.com,NA,pro,269,5092
A-0270,user273@example.com,EU,enterprise,270,5111
A-0271,user274@example.com,APAC,free,271,5130
A-0272,user275@example.com,LATAM,pro,272,5149
A-0273,user276@example.com,NA,enterprise,273,5168
A-0274,user277@example.com,EU,free,274,5187
A-0275,user278@example.com,APAC,pro,275,5206
A-0276,user279@example.com,LATAM,enterprise,276,5225
A-0277,user280@example.com,NA,free,277,5244
A-0278,user281@example.com,EU,pro,278,5263
A-0279,user282@example.com,APAC,enterprise,279,5282
A-0280,user283@example.com,LATAM,free,280,5301
A-0281,user284@example.com,NA,pro,281,5320
A-0282,user285@example.com,EU,enterprise,282,5339
A-0283,user286@example.com,APAC,free,283,5358
A-0284,user287@example.com,LATAM,pro,284,5377
A-0285,user288@example.com,NA,enterprise,285,5396
A-0286,user289@example.com,EU,free,286,5415
A-0287,user290@example.com,APAC,pro,287,5434
A-0288,user291@example.com,LATAM,enterprise,288,5453
A-0289,ada@example.com,NA,free,289,5472
A-0290,user293@example.com,EU,pro,290,5491
A-0291,user294@example.com,APAC,enterprise,291,5510
A-0292,user295@example.com,LATAM,free,292,5529
A-0293,user296@example.com,NA,pro,293,5548
A-0294,user297@example.com,EU,enterprise,294,5567
A-0295,user298@example.com,APAC,free,295,5586
A-0296,user299@example.com,LATAM,pro,296,5605
A-0297,user300@example.com,NA,enterprise,297,5624
A-0298,user301@example.com,EU,free,298,5643
A-0299,user302@example.com,APAC,pro,299,5662
A-0300,user303@example.com,LATAM,enterprise,300,5681
A-0301,user304@example.com,NA,free,301,5700
A-0302,user305@example.com,EU,pro,302,5719
A-0303,user306@example.com,APAC,enterprise,303,5738
A-0304,user307@example.com,LATAM,free,304,5757
A-0305,user308@example.com,NA,pro,305,5776
A-0306,user309@example.com,EU,enterprise,306,5795
A-0307,user310@example.com,APAC,free,307,5814
A-0308,user311@example.com,LATAM,pro,308,5833
A-0309,user312@example.com,NA,enterprise,309,5852
A-0310,user313@example.com,EU,free,310,5871
A-0311,user314@example.com,APAC,pro,311,5890
A-0312,user315@example.com,LATAM,enterprise,312,5909
A-0313,user316@example.com,NA,free,313,5928
A-0314,user317@example.com,EU,pro,314,5947
A-0315,user318@example.com,APAC,enterprise,315,5966
A-0316,user319@example.com,LATAM,free,316,5985
A-0317,user320@example.com,NA,pro,317,6004
A-0318,user321@example.com,EU,enterprise,318,6023
A-0319,user322@example.com,APAC,free,319,6042
A-0320,user323@example.com,LATAM,pro,320,6061
A-0321,user324@example.com,NA,enterprise,321,6080
A-0322,user325@example.com,EU,free,322,6099
A-0323,user326@example.com,APAC,pro,323,6118
A-0324,user327@example.com,LATAM,enterprise,324,6137
A-0325,user328@example.com,NA,free,325,6156
A-0326,user329@example.com,EU,pro,326,6175
A-0327,user330@example.com,APAC,enterprise,327,6194
A-0328,user331@example.com,LATAM,free,328,6213
A-0329,user332@example.com,NA,pro,329,6232
A-0330,alan@example.com,EU,enterprise,330,6251
A-0331,user334@example.com,APAC,free,331,6270
A-0332,user335@example.com,LATAM,pro,332,6289
A-0333,user336@example.com,NA,enterprise,333,6308
A-0334,user337@example.com,EU,free,334,6327
A-0335,user338@example.com,APAC,pro,335,6346
A-0336,user339@example.com,LATAM,enterprise,336,6365
A-0337,user340@example.com,NA,free,337,6384
A-0338,user341@example.com,EU,pro,338,6403
A-0339,user342@example.com,APAC,enterprise,339,6422
A-0340,user343@example.com,LATAM,free,340,6441
A-0341,user344@example.com,NA,pro,341,6460
A-0342,user345@example.com,EU,enterprise,342,6479
A-0343,user346@example.com,APAC,free,343,6498
A-0344,user347@example.com,LATAM,pro,344,6517
A-0345,user348@example.com,NA,enterprise,345,6536
A-0346,user349@example.com,EU,free,346,6555
A-0347,user350@example.com,APAC,pro,347,6574
A-0348,user351@example.com,LATAM,enterprise,348,6593
A-0349,user352@example.com,NA,free,349,6612
A-0350,user353@example.com,EU,pro,350,6631
A-0351,user354@example.com,APAC,enterprise,351,6650
A-0352,user355@example.com,LATAM,free,352,6669
A-0353,user356@example.com,NA,pro,353,6688
A-0354,grace@example.com,EU,enterprise,354,6707
A-0355,user358@example.com,APAC,free,355,6726
A-0356,user359@example.com,LATAM,pro,356,6745
A-0357,user360@example.com,NA,enterprise,357,6764
A-0358,user361@example.com,EU,free,358,6783
A-0359,user362@example.com,APAC,pro,359,6802
A-0360,user363@example.com,LATAM,enterprise,360,6821
A-0361,user364@example.com,NA,free,361,6840
A-0362,user365@example.com,EU,pro,362,6859
A-0363,user366@example.com,APAC,enterprise,363,6878
A-0364,user367@example.com,LATAM,free,364,6897
A-0365,user368@example.com,NA,pro,365,6916
A-0366,user369@example.com,EU,enterprise,366,6935
A-0367,user370@example.com,APAC,free,367,6954
A-0368,user371@example.com,LATAM,pro,368,6973
A-0369,user372@example.com,NA,enterprise,369,6992
A-0370,user373@example.com,EU,free,370,7011
A-0371,user374@example.com,APAC,pro,371,7030
A-0372,user375@example.com,LATAM,enterprise,372,7049
A-0373,user376@example.com,NA,free,373,7068
A-0374,user377@example.com,EU,pro,374,7087
A-0375,user378@example.com,APAC,enterprise,375,7106
A-0376,user379@example.com,LATAM,free,376,7125
A-0377,user380@example.com,NA,pro,377,7144
A-0378,user381@example.com,EU,enterprise,378,7163
A-0379,user382@example.com,APAC,free,379,7182
A-0380,user383@example.com,LATAM,pro,380,7201
A-0381,user384@example.com,NA,enterprise,381,7220
A-0382,user385@example.com,EU,free,382,7239
A-0383,user386@example.com,APAC,pro,383,7258
A-0384,user387@example.com,LATAM,enterprise,384,7277
A-0385,user388@example.com,NA,free,385,7296
A-0386,ada@example.com,EU,pro,386,7315
A-0387,user390@example.com,APAC,enterprise,387,7334
A-0388,user391@example.com,LATAM,free,388,7353
A-0389,user392@example.com,NA,pro,389,7372
A-0390,user393@example.com,EU,enterprise,390,7391
A-0391,user394@example.com,APAC,free,391,7410
A-0392,user395@example.com,LATAM,pro,392,7429
A-0393,user396@example.com,NA,enterprise,393,7448
A-0394,user397@example.com,EU,free,394,7467
A-0395,user398@example.com,APAC,pro,395,7486
A-0396,user399@example.com,LATAM,enterprise,396,7505
A-0397,user400@example.com,NA,free,397,7524
A-0398,user401@example.com,EU,pro,398,7543
A-0399,user402@example.com,APAC,enterprise,399,7562
A-0400,user403@example.com,LATAM,free,400,7581
A-0401,user404@example.com,NA,pro,401,7600
A-0402,user405@example.com,EU,enterprise,402,7619
A-0403,user406@example.com,APAC,free,403,7638
A-0404,user407@example.com,LATAM,pro,404,7657
A-0405,user408@example.com,NA,enterprise,405,7676
A-0406,user409@example.com,EU,free,406,7695
A-0407,user410@example.com,APAC,pro,407,7714
A-0408,user411@example.com,LATAM,enterprise,408,7733
A-0409,user412@example.com,NA,free,409,7752
A-0410,user413@example.com,EU,pro,410,7771
A-0411,user414@example.com,APAC,enterprise,411,7790
A-0412,user415@example.com,LATAM,free,412,7809
A-0413,alan@example.com,NA,pro,413,7828
A-0414,user417@example.com,EU,enterprise,414,7847
A-0415,user418@example.com,APAC,free,415,7866
A-0416,user419@example.com,LATAM,pro,416,7885
A-0417,user420@example.com,NA,enterprise,417,7904
A-0418,user421@example.com,EU,free,418,7923
A-0419,user422@example.com,APAC,pro,419,7942
A-0420,user423@example.com,LATAM,enterprise,420,7961
A-0421,user424@example.com,NA,free,421,7980
A-0422,user425@example.com,EU,pro,422,7999
A-0423,user426@example.com,APAC,enterprise,423,8018
A-0424,user427@example.com,LATAM,free,424,8037
A-0425,user428@example.com,NA,pro,425,8056
A-0426,user429@example.com,EU,enterprise,426,8075
A-0427,user430@example.com,APAC,free,427,8094
A-0428,user431@example.com,LATAM,pro,428,8113
A-0429,user432@example.com,NA,enterprise,429,8132
A-0430,user433@example.com,EU,free,430,8151
A-0431,user434@example.com,APAC,pro,431,8170
A-0432,user435@example.com,LATAM,enterprise,432,8189
A-0433,user436@example.com,NA,free,433,8208
A-0434,user437@example.com,EU,pro,434,8227
A-0435,user438@example.com,APAC,enterprise,435,8246
A-0436,user439@example.com,LATAM,free,436,8265
A-0437,user440@example.com,NA,pro,437,8284
A-0438,user441@example.com,EU,enterprise,438,8303
A-0439,user442@example.com,APAC,free,439,8322
A-0440,user443@example.com,LATAM,pro,440,8341
A-0441,user444@example.com,NA,enterprise,441,8360
A-0442,user445@example.com,EU,free,442,8379
A-0443,grace@example.com,APAC,pro,443,8398
A-0444,user447@example.com,LATAM,enterprise,444,8417
A-0445,user448@example.com,NA,free,445,8436
A-0446,user449@example.com,EU,pro,446,8455
A-0447,user450@example.com,APAC,enterprise,447,8474
A-0448,user451@example.com,LATAM,free,448,8493
A-0449,user452@example.com,NA,pro,449,8512
A-0450,user453@example.com,EU,enterprise,450,8531
A-0451,user454@example.com,APAC,free,451,8550
A-0452,user455@example.com,LATAM,pro,452,8569
A-0453,user456@example.com,NA,enterprise,453,8588
A-0454,user457@example.com,EU,free,454,8607
A-0455,user458@example.com,APAC,pro,455,8626
A-0456,user459@example.com,LATAM,enterprise,456,8645
A-0457,user460@example.com,NA,free,457,8664
A-0458,user461@example.com,EU,pro,458,8683
A-0459,user462@example.com,APAC,enterprise,459,8702
A-0460,user463@example.com,LATAM,free,460,8721
A-0461,user464@example.com,NA,pro,461,8740
A-0462,user465@example.com,EU,enterprise,462,8759
A-0463,user466@example.com,APAC,free,463,8778
A-0464,user467@example.com,LATAM,pro,464,8797
A-0465,user468@example.com,NA,enterprise,465,8816
A-0466,user469@example.com,EU,free,466,8835
A-0467,user470@example.com,APAC,pro,467,8854
A-0468,user471@example.com,LATAM,enterprise,468,8873
A-0469,user472@example.com,NA,free,469,8892
A-0470,user473@example.com,EU,pro,470,8911
A-0471,user474@example.com,APAC,enterprise,471,8930
A-0472,user475@example.com,LATAM,free,472,8949
A-0473,user476@example.com,NA,pro,473,8968
A-0474,user477@example.com,EU,enterprise,474,8987
A-0475,user478@example.com,APAC,free,475,9006
A-0476,user479@example.com,LATAM,pro,476,9025
A-0477,user480@example.com,NA,enterprise,477,9044
A-0478,user481@example.com,EU,free,478,9063
A-0479,user482@example.com,APAC,pro,479,9082
A-0480,user483@example.com,LATAM,enterprise,480,9101
A-0481,user484@example.com,NA,free,481,9120
A-0482,user485@example.com,EU,pro,482,9139
A-0483,ada@example.com,APAC,enterprise,483,9158
A-0484,user487@example.com,LATAM,free,484,9177
A-0485,user488@example.com,NA,pro,485,9196
A-0486,user489@example.com,EU,enterprise,486,9215
A-0487,user490@example.com,APAC,free,487,9234
A-0488,user491@example.com,LATAM,pro,488,9253
A-0489,user492@example.com,NA,enterprise,489,9272
A-0490,user493@example.com,EU,free,490,9291
A-0491,user494@example.com,APAC,pro,491,9310
A-0492,user495@example.com,LATAM,enterprise,492,9329
A-0493,user496@example.com,NA,free,493,9348
A-0494,user497@example.com,EU,pro,494,9367
A-0495,user498@example.com,APAC,enterprise,495,9386
A-0496,alan@example.com,LATAM,free,496,9405
A-0497,user500@example.com,NA,pro,497,9424
A-0498,user501@example.com,EU,enterprise,498,9443
A-0499,user502@example.com,APAC,free,499,9462
A-0500,user503@example.com,LATAM,pro,500,9481
A-0501,user504@example.com,NA,enterprise,501,9500
A-0502,user505@example.com,EU,free,502,9519
A-0503,user506@example.com,APAC,pro,503,9538
A-0504,user507@example.com,LATAM,enterprise,504,9557
A-0505,user508@example.com,NA,free,505,9576
A-0506,user509@example.com,EU,pro,506,9595
A-0507,user510@example.com,APAC,enterprise,507,9614
A-0508,user511@example.com,LATAM,free,508,9633
A-0509,user512@example.com,NA,pro,509,9652
A-0510,user513@example.com,EU,enterprise,510,9671
A-0511,user514@example.com,APAC,free,511,9690
A-0512,user515@example.com,LATAM,pro,512,9709
A-0513,user516@example.com,NA,enterprise,513,9728
A-0514,user517@example.com,EU,free,514,9747
A-0515,user518@example.com,APAC,pro,515,9766
A-0516,user519@example.com,LATAM,enterprise,516,9785
A-0517,user520@example.com,NA,free,517,9804
A-0518,user521@example.com,EU,pro,518,9823
A-0519,user522@example.com,APAC,enterprise,519,9842
A-0520,user523@example.com,LATAM,free,520,9861
A-0521,user524@example.com,NA,pro,521,9880
A-0522,user525@example.com,EU,enterprise,522,9899
A-0523,user526@example.com,APAC,free,523,9918
A-0524,user527@example.com,LATAM,pro,524,9937
A-0525,user528@example.com,NA,enterprise,525,9956
A-0526,user529@example.com,EU,free,526,9975
A-0527,user530@example.com,APAC,pro,527,9994
A-0528,user531@example.com,LATAM,enterprise,528,10013
A-0529,user532@example.com,NA,free,529,10032
A-0530,user533@example.com,EU,pro,530,10051
A-0531,user534@example.com,APAC,enterprise,531,10070
A-0532,grace@example.com,LATAM,free,532,10089
A-0533,user536@example.com,NA,pro,533,10108
A-0534,user537@example.com,EU,enterprise,534,10127
A-0535,user538@example.com,APAC,free,535,10146
A-0536,user539@example.com,LATAM,pro,536,10165
A-0537,user540@example.com,NA,enterprise,537,10184
A-0538,user541@example.com,EU,free,538,10203
A-0539,user542@example.com,APAC,pro,539,10222
A-0540,user543@example.com,LATAM,enterprise,540,10241
A-0541,user544@example.com,NA,free,541,10260
A-0542,user545@example.com,EU,pro,542,10279
A-0543,user546@example.com,APAC,enterprise,543,10298
A-0544,user547@example.com,LATAM,free,544,10317
A-0545,user548@example.com,NA,pro,545,10336
A-0546,user549@example.com,EU,enterprise,546,10355
A-0547,user550@example.com,APAC,free,547,10374
A-0548,user551@example.com,LATAM,pro,548,10393
A-0549,user552@example.com,NA,enterprise,549,10412
A-0550,user553@example.com,EU,free,550,10431
A-0551,user554@example.com,APAC,pro,551,10450
A-0552,user555@example.com,LATAM,enterprise,552,10469
A-0553,user556@example.com,NA,free,553,10488
A-0554,user557@example.com,EU,pro,554,10507
A-0555,user558@example.com,APAC,enterprise,555,10526
A-0556,user559@example.com,LATAM,free,556,10545
A-0557,user560@example.com,NA,pro,557,10564
A-0558,user561@example.com,EU,enterprise,558,10583
A-0559,user562@example.com,APAC,free,559,10602
A-0560,user563@example.com,LATAM,pro,560,10621
A-0561,user564@example.com,NA,enterprise,561,10640
A-0562,user565@example.com,EU,free,562,10659
A-0563,user566@example.com,APAC,pro,563,10678
A-0564,user567@example.com,LATAM,enterprise,564,10697
A-0565,user568@example.com,NA,free,565,10716
A-0566,user569@example.com,EU,pro,566,10735
A-0567,user570@example.com,APAC,enterprise,567,10754
A-0568,user571@example.com,LATAM,free,568,10773
A-0569,user572@example.com,NA,pro,569,10792
A-0570,user573@example.com,EU,enterprise,570,10811
A-0571,user574@example.com,APAC,free,571,10830
A-0572,user575@example.com,LATAM,pro,572,10849
A-0573,user576@example.com,NA,enterprise,573,10868
A-0574,user577@example.com,EU,free,574,10887
A-0575,user578@example.com,APAC,pro,575,10906
A-0576,user579@example.com,LATAM,enterprise,576,10925
A-0577,user580@example.com,NA,free,577,10944
A-0578,user581@example.com,EU,pro,578,10963
A-0579,alan@example.com,APAC,enterprise,579,10982
A-0580,ada@example.com,LATAM,free,580,11001
A-0581,user584@example.com,NA,pro,581,11020
A-0582,user585@example.com,EU,enterprise,582,11039
A-0583,user586@example.com,APAC,free,583,11058
A-0584,user587@example.com,LATAM,pro,584,11077
A-0585,user588@example.com,NA,enterprise,585,11096
A-0586,user589@example.com,EU,free,586,11115
A-0587,user590@example.com,APAC,pro,587,11134
A-0588,user591@example.com,LATAM,enterprise,588,11153
A-0589,user592@example.com,NA,free,589,11172
A-0590,user593@example.com,EU,pro,590,11191
A-0591,user594@example.com,APAC,enterprise,591,11210
A-0592,user595@example.com,LATAM,free,592,11229
A-0593,user596@example.com,NA,pro,593,11248
A-0594,user597@example.com,EU,enterprise,594,11267
A-0595,user598@example.com,APAC,free,595,11286
A-0596,user599@example.com,LATAM,pro,596,11305
A-0597,user600@example.com,NA,enterprise,597,11324
A-0598,user601@example.com,EU,free,598,11343
A-0599,user602@example.com,APAC,pro,599,11362
A-0600,user603@example.com,LATAM,enterprise,600,11381
A-0601,user604@example.com,NA,free,601,11400
A-0602,user605@example.com,EU,pro,602,11419
A-0603,user606@example.com,APAC,enterprise,603,11438
A-0604,user607@example.com,LATAM,free,604,11457
A-0605,user608@example.com,NA,pro,605,11476
A-0606,user609@example.com,EU,enterprise,606,11495
A-0607,user610@example.com,APAC,free,607,11514
A-0608,user611@example.com,LATAM,pro,608,11533
A-0609,user612@example.com,NA,enterprise,609,11552
A-0610,user613@example.com,EU,free,610,11571
A-0611,user614@example.com,APAC,pro,611,11590
A-0612,user615@example.com,LATAM,enterprise,612,11609
A-0613,user616@example.com,NA,free,613,11628
A-0614,user617@example.com,EU,pro,614,11647
A-0615,user618@example.com,APAC,enterprise,615,11666
A-0616,user619@example.com,LATAM,free,616,11685
A-0617,user620@example.com,NA,pro,617,11704
A-0618,user621@example.com,EU,enterprise,618,11723
A-0619,user622@example.com,APAC,free,619,11742
A-0620,user623@example.com,LATAM,pro,620,11761
A-0621,grace@example.com,NA,enterprise,621,11780
A-0622,user625@example.com,EU,free,622,11799
A-0623,user626@example.com,APAC,pro,623,11818
A-0624,user627@example.com,LATAM,enterprise,624,11837
A-0625,user628@example.com,NA,free,625,11856
A-0626,user629@example.com,EU,pro,626,11875
A-0627,user630@example.com,APAC,enterprise,627,11894
A-0628,user631@example.com,LATAM,free,628,11913
A-0629,user632@example.com,NA,pro,629,11932
A-0630,user633@example.com,EU,enterprise,630,11951
A-0631,user634@example.com,APAC,free,631,11970
A-0632,user635@example.com,LATAM,pro,632,11989
A-0633,user636@example.com,NA,enterprise,633,12008
A-0634,user637@example.com,EU,free,634,12027
A-0635,user638@example.com,APAC,pro,635,12046
A-0636,user639@example.com,LATAM,enterprise,636,12065
A-0637,user640@example.com,NA,free,637,12084
A-0638,user641@example.com,EU,pro,638,12103
A-0639,user642@example.com,APAC,enterprise,639,12122
A-0640,user643@example.com,LATAM,free,640,12141
A-0641,user644@example.com,NA,pro,641,12160
A-0642,user645@example.com,EU,enterprise,642,12179
A-0643,user646@example.com,APAC,free,643,12198
A-0644,user647@example.com,LATAM,pro,644,12217
A-0645,user648@example.com,NA,enterprise,645,12236
A-0646,user649@example.com,EU,free,646,12255
A-0647,user650@example.com,APAC,pro,647,12274
A-0648,user651@example.com,LATAM,enterprise,648,12293
A-0649,user652@example.com,NA,free,649,12312
A-0650,user653@example.com,EU,pro,650,12331
A-0651,user654@example.com,APAC,enterprise,651,12350
A-0652,user655@example.com,LATAM,free,652,12369
A-0653,user656@example.com,NA,pro,653,12388
A-0654,user657@example.com,EU,enterprise,654,12407
A-0655,user658@example.com,APAC,free,655,12426
A-0656,user659@example.com,LATAM,pro,656,12445
A-0657,user660@example.com,NA,enterprise,657,12464
A-0658,user661@example.com,EU,free,658,12483
A-0659,user662@example.com,APAC,pro,659,12502
A-0660,user663@example.com,LATAM,enterprise,660,12521
A-0661,user664@example.com,NA,free,661,12540
A-0662,alan@example.com,EU,pro,662,12559
A-0663,user666@example.com,APAC,enterprise,663,12578
A-0664,user667@example.com,LATAM,free,664,12597
A-0665,user668@example.com,NA,pro,665,12616
A-0666,user669@example.com,EU,enterprise,666,12635
A-0667,user670@example.com,APAC,free,667,12654
A-0668,user671@example.com,LATAM,pro,668,12673
A-0669,user672@example.com,NA,enterprise,669,12692
A-0670,user673@example.com,EU,free,670,12711
A-0671,user674@example.com,APAC,pro,671,12730
A-0672,user675@example.com,LATAM,enterprise,672,12749
A-0673,user676@example.com,NA,free,673,12768
A-0674,user677@example.com,EU,pro,674,12787
A-0675,user678@example.com,APAC,enterprise,675,12806
A-0676,user679@example.com,LATAM,free,676,12825
A-0677,ada@example.com,NA,pro,677,12844
A-0678,user681@example.com,EU,enterprise,678,12863
A-0679,user682@example.com,APAC,free,679,12882
A-0680,user683@example.com,LATAM,pro,680,12901
A-0681,user684@example.com,NA,enterprise,681,12920
A-0682,user685@example.com,EU,free,682,12939
A-0683,user686@example.com,APAC,pro,683,12958
A-0684,user687@example.com,LATAM,enterprise,684,12977
A-0685,user688@example.com,NA,free,685,12996
A-0686,user689@example.com,EU,pro,686,13015
A-0687,user690@example.com,APAC,enterprise,687,13034
A-0688,user691@example.com,LATAM,free,688,13053
A-0689,user692@example.com,NA,pro,689,13072
A-0690,user693@example.com,EU,enterprise,690,13091
A-0691,user694@example.com,APAC,free,691,13110
A-0692,user695@example.com,LATAM,pro,692,13129
A-0693,user696@example.com,NA,enterprise,693,13148
A-0694,user697@example.com,EU,free,694,13167
A-0695,user698@example.com,APAC,pro,695,13186
A-0696,user699@example.com,LATAM,enterprise,696,13205
A-0697,user700@example.com,NA,free,697,13224
A-0698,user701@example.com,EU,pro,698,13243
A-0699,user702@example.com,APAC,enterprise,699,13262
A-0700,user703@example.com,LATAM,free,700,13281
A-0701,user704@example.com,NA,pro,701,13300
A-0702,user705@example.com,EU,enterprise,702,13319
A-0703,user706@example.com,APAC,free,703,13338
A-0704,user707@example.com,LATAM,pro,704,13357
A-0705,user708@example.com,NA,enterprise,705,13376
A-0706,user709@example.com,EU,free,706,13395
A-0707,user710@example.com,APAC,pro,707,13414
A-0708,user711@example.com,LATAM,enterprise,708,13433
A-0709,user712@example.com,NA,free,709,13452
A-0710,grace@example.com,EU,pro,710,13471
A-0711,user714@example.com,APAC,enterprise,711,13490
A-0712,user715@example.com,LATAM,free,712,13509
A-0713,user716@example.com,NA,pro,713,13528
A-0714,user717@example.com,EU,enterprise,714,13547
A-0715,user718@example.com,APAC,free,715,13566
A-0716,user719@example.com,LATAM,pro,716,13585
A-0717,user720@example.com,NA,enterprise,717,13604
A-0718,user721@example.com,EU,free,718,13623
A-0719,user722@example.com,APAC,pro,719,13642
A-0720,user723@example.com,LATAM,enterprise,720,13661
A-0721,user724@example.com,NA,free,721,13680
A-0722,user725@example.com,EU,pro,722,13699
A-0723,user726@example.com,APAC,enterprise,723,13718
A-0724,user727@example.com,LATAM,free,724,13737
A-0725,user728@example.com,NA,pro,725,13756
A-0726,user729@example.com,EU,enterprise,726,13775
A-0727,user730@example.com,APAC,free,727,13794
A-0728,user731@example.com,LATAM,pro,728,13813
A-0729,user732@example.com,NA,enterprise,729,13832
A-0730,user733@example.com,EU,free,730,13851
A-0731,user734@example.com,APAC,pro,731,13870
A-0732,user735@example.com,LATAM,enterprise,732,13889
A-0733,user736@example.com,NA,free,733,13908
A-0734,user737@example.com,EU,pro,734,13927
A-0735,user738@example.com,APAC,enterprise,735,13946
A-0736,user739@example.com,LATAM,free,736,13965
A-0737,user740@example.com,NA,pro,737,13984
A-0738,user741@example.com,EU,enterprise,738,14003
A-0739,user742@example.com,APAC,free,739,14022
A-0740,user743@example.com,LATAM,pro,740,14041
A-0741,user744@example.com,NA,enterprise,741,14060
A-0742,user745@example.com,EU,free,742,14079
A-0743,user746@example.com,APAC,pro,743,14098
A-0744,user747@example.com,LATAM,enterprise,744,14117
A-0745,alan@example.com,NA,free,745,14136
A-0746,user749@example.com,EU,pro,746,14155
A-0747,user750@example.com,APAC,enterprise,747,14174
A-0748,user751@example.com,LATAM,free,748,14193
A-0749,user752@example.com,NA,pro,749,14212
A-0750,user753@example.com,EU,enterprise,750,14231
A-0751,user754@example.com,APAC,free,751,14250
A-0752,user755@example.com,LATAM,pro,752,14269
A-0753,user756@example.com,NA,enterprise,753,14288
A-0754,user757@example.com,EU,free,754,14307
A-0755,user758@example.com,APAC,pro,755,14326
A-0756,user759@example.com,LATAM,enterprise,756,14345
A-0757,user760@example.com,NA,free,757,14364
A-0758,user761@example.com,EU,pro,758,14383
A-0759,user762@example.com,APAC,enterprise,759,14402
A-0760,user763@example.com,LATAM,free,760,14421
A-0761,user764@example.com,NA,pro,761,14440
A-0762,user765@example.com,EU,enterprise,762,14459
A-0763,user766@example.com,APAC,free,763,14478
A-0764,user767@example.com,LATAM,pro,764,14497
A-0765,user768@example.com,NA,enterprise,765,14516
A-0766,user769@example.com,EU,free,766,14535
A-0767,user770@example.com,APAC,pro,767,14554
A-0768,user771@example.com,LATAM,enterprise,768,14573
A-0769,user772@example.com,NA,free,769,14592
A-0770,user773@example.com,EU,pro,770,14611
A-0771,user774@example.com,APAC,enterprise,771,14630
A-0772,user775@example.com,LATAM,free,772,14649
A-0773,user776@example.com,NA,pro,773,14668
A-0774,ada@example.com,EU,enterprise,774,14687
A-0775,user778@example.com,APAC,free,775,14706
A-0776,user779@example.com,LATAM,pro,776,14725
A-0777,user780@example.com,NA,enterprise,777,14744
A-0778,user781@example.com,EU,free,778,14763
A-0779,user782@example.com,APAC,pro,779,14782
A-0780,user783@example.com,LATAM,enterprise,780,14801
A-0781,user784@example.com,NA,free,781,14820
A-0782,user785@example.com,EU,pro,782,14839
A-0783,user786@example.com,APAC,enterprise,783,14858
A-0784,user787@example.com,LATAM,free,784,14877
A-0785,user788@example.com,NA,pro,785,14896
A-0786,user789@example.com,EU,enterprise,786,14915
A-0787,user790@example.com,APAC,free,787,14934
A-0788,user791@example.com,LATAM,pro,788,14953
A-0789,user792@example.com,NA,enterprise,789,14972
A-0790,user793@example.com,EU,free,790,14991
A-0791,user794@example.com,APAC,pro,791,15010
A-0792,user795@example.com,LATAM,enterprise,792,15029
A-0793,user796@example.com,NA,free,793,15048
A-0794,user797@example.com,EU,pro,794,15067
A-0795,user798@example.com,APAC,enterprise,795,15086
A-0796,user799@example.com,LATAM,free,796,15105
A-0797,user800@example.com,NA,pro,797,15124
A-0798,user801@example.com,EU,enterprise,798,15143
A-0799,grace@example.com,APAC,free,799,15162
A-0800,user803@example.com,LATAM,pro,800,15181
A-0801,user804@example.com,NA,enterprise,801,15200
A-0802,user805@example.com,EU,free,802,15219
A-0803,user806@example.com,APAC,pro,803,15238
A-0804,user807@example.com,LATAM,enterprise,804,15257
A-0805,user808@example.com,NA,free,805,15276
A-0806,user809@example.com,EU,pro,806,15295
A-0807,user810@example.com,APAC,enterprise,807,15314
A-0808,user811@example.com,LATAM,free,808,15333
A-0809,user812@example.com,NA,pro,809,15352
A-0810,user813@example.com,EU,enterprise,810,15371
A-0811,user814@example.com,APAC,free,811,15390
A-0812,user815@example.com,LATAM,pro,812,15409
A-0813,user816@example.com,NA,enterprise,813,15428
A-0814,user817@example.com,EU,free,814,15447
A-0815,user818@example.com,APAC,pro,815,15466
A-0816,user819@example.com,LATAM,enterprise,816,15485
A-0817,user820@example.com,NA,free,817,15504
A-0818,user821@example.com,EU,pro,818,15523
A-0819,user822@example.com,APAC,enterprise,819,15542
A-0820,user823@example.com,LATAM,free,820,15561
A-0821,user824@example.com,NA,pro,821,15580
A-0822,user825@example.com,EU,enterprise,822,15599
A-0823,user826@example.com,APAC,free,823,15618
A-0824,user827@example.com,LATAM,pro,824,15637
A-0825,user828@example.com,NA,enterprise,825,15656
A-0826,user829@example.com,EU,free,826,15675
A-0827,user830@example.com,APAC,pro,827,15694
A-0828,alan@example.com,LATAM,enterprise,828,15713
A-0829,user832@example.com,NA,free,829,15732
A-0830,user833@example.com,EU,pro,830,15751
A-0831,user834@example.com,APAC,enterprise,831,15770
A-0832,user835@example.com,LATAM,free,832,15789
A-0833,user836@example.com,NA,pro,833,15808
A-0834,user837@example.com,EU,enterprise,834,15827
A-0835,user838@example.com,APAC,free,835,15846
A-0836,user839@example.com,LATAM,pro,836,15865
A-0837,user840@example.com,NA,enterprise,837,15884
A-0838,user841@example.com,EU,free,838,15903
A-0839,user842@example.com,APAC,pro,839,15922
A-0840,user843@example.com,LATAM,enterprise,840,15941
A-0841,user844@example.com,NA,free,841,15960
A-0842,user845@example.com,EU,pro,842,15979
A-0843,user846@example.com,APAC,enterprise,843,15998
A-0844,user847@example.com,LATAM,free,844,16017
A-0845,user848@example.com,NA,pro,845,16036
A-0846,user849@example.com,EU,enterprise,846,16055
A-0847,user850@example.com,APAC,free,847,16074
A-0848,user851@example.com,LATAM,pro,848,16093
A-0849,user852@example.com,NA,enterprise,849,16112
A-0850,user853@example.com,EU,free,850,16131
A-0851,user854@example.com,APAC,pro,851,16150
A-0852,user855@example.com,LATAM,enterprise,852,16169
A-0853,user856@example.com,NA,free,853,16188
A-0854,user857@example.com,EU,pro,854,16207
A-0855,user858@example.com,APAC,enterprise,855,16226
A-0856,user859@example.com,LATAM,free,856,16245
A-0857,user860@example.com,NA,pro,857,16264
A-0858,user861@example.com,EU,enterprise,858,16283
A-0859,user862@example.com,APAC,free,859,16302
A-0860,user863@example.com,LATAM,pro,860,16321
A-0861,user864@example.com,NA,enterprise,861,16340
A-0862,user865@example.com,EU,free,862,16359
A-0863,user866@example.com,APAC,pro,863,16378
A-0864,user867@example.com,LATAM,enterprise,864,16397
A-0865,user868@example.com,NA,free,865,16416
A-0866,user869@example.com,EU,pro,866,16435
A-0867,user870@example.com,APAC,enterprise,867,16454
A-0868,user871@example.com,LATAM,free,868,16473
A-0869,user872@example.com,NA,pro,869,16492
A-0870,user873@example.com,EU,enterprise,870,16511
A-0871,ada@example.com,APAC,free,871,16530
A-0872,user875@example.com,LATAM,pro,872,16549
A-0873,user876@example.com,NA,enterprise,873,16568
A-0874,user877@example.com,EU,free,874,16587
A-0875,user878@example.com,APAC,pro,875,16606
A-0876,user879@example.com,LATAM,enterprise,876,16625
A-0877,user880@example.com,NA,free,877,16644
A-0878,user881@example.com,EU,pro,878,16663
A-0879,user882@example.com,APAC,enterprise,879,16682
A-0880,user883@example.com,LATAM,free,880,16701
A-0881,user884@example.com,NA,pro,881,16720
A-0882,user885@example.com,EU,enterprise,882,16739
A-0883,user886@example.com,APAC,free,883,16758
A-0884,user887@example.com,LATAM,pro,884,16777
A-0885,user888@example.com,NA,enterprise,885,16796
A-0886,user889@example.com,EU,free,886,16815
A-0887,user890@example.com,APAC,pro,887,16834
A-0888,grace@example.com,LATAM,enterprise,888,16853
A-0889,user892@example.com,NA,free,889,16872
A-0890,user893@example.com,EU,pro,890,16891
A-0891,user894@example.com,APAC,enterprise,891,16910
A-0892,user895@example.com,LATAM,free,892,16929
A-0893,user896@example.com,NA,pro,893,16948
A-0894,user897@example.com,EU,enterprise,894,16967
A-0895,user898@example.com,APAC,free,895,16986
A-0896,user899@example.com,LATAM,pro,896,17005
A-0897,user900@example.com,NA,enterprise,897,17024
A-0898,user901@example.com,EU,free,898,17043
A-0899,user902@example.com,APAC,pro,899,17062
A-0900,user903@example.com,LATAM,enterprise,900,17081
A-0901,user904@example.com,NA,free,901,17100
A-0902,user905@example.com,EU,pro,902,17119
A-0903,user906@example.com,APAC,enterprise,903,17138
A-0904,user907@example.com,LATAM,free,904,17157
A-0905,user908@example.com,NA,pro,905,17176
A-0906,user909@example.com,EU,enterprise,906,17195
A-0907,user910@example.com,APAC,free,907,17214
A-0908,user911@example.com,LATAM,pro,908,17233
A-0909,user912@example.com,NA,enterprise,909,17252
A-0910,user913@example.com,EU,free,910,17271
A-0911,alan@example.com,APAC,pro,911,17290
A-0912,user915@example.com,LATAM,enterprise,912,17309
A-0913,user916@example.com,NA,free,913,17328
A-0914,user917@example.com,EU,pro,914,17347
A-0915,user918@example.com,APAC,enterprise,915,17366
A-0916,user919@example.com,LATAM,free,916,17385
A-0917,user920@example.com,NA,pro,917,17404
A-0918,user921@example.com,EU,enterprise,918,17423
A-0919,user922@example.com,APAC,free,919,17442
A-0920,user923@example.com,LATAM,pro,920,17461
A-0921,user924@example.com,NA,enterprise,921,17480
A-0922,user925@example.com,EU,free,922,17499
A-0923,user926@example.com,APAC,pro,923,17518
A-0924,user927@example.com,LATAM,enterprise,924,17537
A-0925,user928@example.com,NA,free,925,17556
A-0926,user929@example.com,EU,pro,926,17575
A-0927,user930@example.com,APAC,enterprise,927,17594
A-0928,user931@example.com,LATAM,free,928,17613
A-0929,user932@example.com,NA,pro,929,17632
A-0930,user933@example.com,EU,enterprise,930,17651
A-0931,user934@example.com,APAC,free,931,17670
A-0932,user935@example.com,LATAM,pro,932,17689
A-0933,user936@example.com,NA,enterprise,933,17708
A-0934,user937@example.com,EU,free,934,17727
A-0935,user938@example.com,APAC,pro,935,17746
A-0936,user939@example.com,LATAM,enterprise,936,17765
A-0937,user940@example.com,NA,free,937,17784
A-0938,user941@example.com,EU,pro,938,17803
A-0939,user942@example.com,APAC,enterprise,939,17822
A-0940,user943@example.com,LATAM,free,940,17841
A-0941,user944@example.com,NA,pro,941,17860
A-0942,user945@example.com,EU,enterprise,942,17879
A-0943,user946@example.com,APAC,free,943,17898
A-0944,user947@example.com,LATAM,pro,944,17917
A-0945,user948@example.com,NA,enterprise,945,17936
A-0946,user949@example.com,EU,free,946,17955
A-0947,user950@example.com,APAC,pro,947,17974
A-0948,user951@example.com,LATAM,enterprise,948,17993
A-0949,user952@example.com,NA,free,949,18012
A-0950,user953@example.com,EU,pro,950,18031
A-0951,user954@example.com,APAC,enterprise,951,18050
A-0952,user955@example.com,LATAM,free,952,18069
A-0953,user956@example.com,NA,pro,953,18088
A-0954,user957@example.com,EU,enterprise,954,18107
A-0955,user958@example.com,APAC,free,955,18126
A-0956,user959@example.com,LATAM,pro,956,18145
A-0957,user960@example.com,NA,enterprise,957,18164
A-0958,user961@example.com,EU,free,958,18183
A-0959,user962@example.com,APAC,pro,959,18202
A-0960,user963@example.com,LATAM,enterprise,960,18221
A-0961,user964@example.com,NA,free,961,18240
A-0962,user965@example.com,EU,pro,962,18259
A-0963,user966@example.com,APAC,enterprise,963,18278
A-0964,user967@example.com,LATAM,free,964,18297
A-0965,user968@example.com,NA,pro,965,18316
A-0966,user969@example.com,EU,enterprise,966,18335
A-0967,user970@example.com,APAC,free,967,18354
A-0968,ada@example.com,LATAM,pro,968,18373
A-0969,user972@example.com,NA,enterprise,969,18392
A-0970,user973@example.com,EU,free,970,18411
A-0971,user974@example.com,APAC,pro,971,18430
A-0972,user975@example.com,LATAM,enterprise,972,18449
A-0973,user976@example.com,NA,free,973,18468
A-0974,user977@example.com,EU,pro,974,18487
A-0975,user978@example.com,APAC,enterprise,975,18506
A-0976,user979@example.com,LATAM,free,976,18525
A-0977,grace@example.com,NA,pro,977,18544
A-0978,user981@example.com,EU,enterprise,978,18563
A-0979,user982@example.com,APAC,free,979,18582
A-0980,user983@example.com,LATAM,pro,980,18601
A-0981,user984@example.com,NA,enterprise,981,18620
A-0982,user985@example.com,EU,free,982,18639
A-0983,user986@example.com,APAC,pro,983,18658
A-0984,user987@example.com,LATAM,enterprise,984,18677
A-0985,user988@example.com,NA,free,985,18696
A-0986,user989@example.com,EU,pro,986,18715
A-0987,user990@example.com,APAC,enterprise,987,18734
A-0988,user991@example.com,LATAM,free,988,18753
A-0989,user992@example.com,NA,pro,989,18772
A-0990,user993@example.com,EU,enterprise,990,18791
A-0991,user994@example.com,APAC,free,991,18810
A-0992,user995@example.com,LATAM,pro,992,18829
A-0993,user996@example.com,NA,enterprise,993,18848
A-0994,alan@example.com,EU,free,994,18867
A-0995,user998@example.com,APAC,pro,995,18886
A-0996,user999@example.com,LATAM,enterprise,996,18905
A-0997,user1000@example.com,NA,free,997,18924
A-0998,user1001@example.com,EU,pro,998,18943
A-0999,user1002@example.com,APAC,enterprise,999,18962
A-1000,user1003@example.com,LATAM,free,1000,18981