campaign_id,name,owner_email,budget,region_code,launched_at
cmp-0001,Campaign 1,ada@example.com,1000,NA,2024-01-15
cmp-0002,Campaign 2,user2@example.com,1137,EU,2024-02-15
cmp-0003,Campaign 3,user3@example.com,1274,APAC,2024-03-15
cmp-0004,Campaign 4,user4@example.com,1411,LATAM,2024-04-15
cmp-0005,Campaign 5,user5@example.com,1548,NA,2024-05-15
cmp-0006,Campaign 6,user6@example.com,1685,EU,2024-06-15
cmp-0007,Campaign 7,user7@example.com,1822,APAC,2024-07-15
cmp-0008,Campaign 8,user8@example.com,1959,LATAM,2024-08-15
cmp-0009,Campaign 9,user9@example.com,2096,NA,2024-09-15
cmp-0010,Campaign 10,user10@example.com,2233,EU,2024-10-15
cmp-0011,Campaign 11,user11@example.com,2370,APAC,2024-11-15
cmp-0012,Campaign 12,user12@example.com,2507,LATAM,2024-12-15
cmp-0013,Campaign 13,user13@example.com,2644,NA,2024-01-15
cmp-0014,Campaign 14,user14@example.com,2781,EU,2024-02-15
cmp-0015,Campaign 15,user15@example.com,2918,APAC,2024-03-15
cmp-0016,Campaign 16,user16@example.com,3055,LATAM,2024-04-15
cmp-0017,Campaign 17,user17@example.com,3192,NA,2024-05-15
cmp-0018,Campaign 18,user18@example.com,3329,EU,2024-06-15
cmp-0019,Campaign 19,user19@example.com,3466,APAC,2024-07-15
cmp-0020,Campaign 20,user20@example.com,3603,LATAM,2024-08-15
cmp-0021,Campaign 21,user21@example.com,3740,NA,2024-09-15
cmp-0022,Campaign 22,user22@example.com,3877,EU,2024-10-15
cmp-0023,Campaign 23,user23@example.com,4014,APAC,2024-11-15
cmp-0024,Campaign 24,user24@example.com,4151,LATAM,2024-12-15
cmp-0025,Campaign 25,user25@example.com,4288,NA,2024-01-15
cmp-0026,Campaign 26,user26@example.com,4425,EU,2024-02-15
cmp-0027,Campaign 27,user27@example.com,4562,APAC,2024-03-15
cmp-0028,Campaign 28,user28@example.com,4699,LATAM,2024-04-15
cmp-0029,Campaign 29,user29@example.com,4836,NA,2024-05-15
cmp-0030,Campaign 30,user30@example.com,4973,EU,2024-06-15
cmp-0031,Campaign 31,user31@example.com,5110,APAC,2024-07-15
cmp-0032,Campaign 32,user32@example.com,5247,LATAM,2024-08-15
cmp-0033,Campaign 33,user33@example.com,5384,NA,2024-09-15
cmp-0034,Campaign 34,user34@example.com,5521,EU,2024-10-15
cmp-0035,Campaign 35,user35@example.com,5658,APAC,2024-11-15
cmp-0036,Campaign 36,user36@example.com,5795,LATAM,2024-12-15
cmp-0037,Campaign 37,user37@example.com,5932,NA,2024-01-15
cmp-0038,Campaign 38,user38@example.com,6069,EU,2024-02-15
cmp-0039,Campaign 39,user39@example.com,6206,APAC,2024-03-15
cmp-0040,Campaign 40,user40@example.com,6343,LATAM,2024-04-15
cmp-0041,Campaign 41,user41@example.com,6480,NA,2024-05-15
cmp-0042,Campaign 42,user42@example.com,6617,EU,2024-06-15
cmp-0043,Campaign 43,user43@example.com,6754,APAC,2024-07-15
cmp-0044,Campaign 44,user44@example.com,6891,LATAM,2024-08-15
cmp-0045,Campaign 45,user45@example.com,7028,NA,2024-09-15
cmp-0046,Campaign 46,user46@example.com,7165,EU,2024-10-15
cmp-0047,Campaign 47,user47@example.com,7302,APAC,2024-11-15
cmp-0048,Campaign 48,user48@example.com,7439,LATAM,2024-12-15
cmp-0049,Campaign 49,user49@example.com,7576,NA,2024-01-15
cmp-0050,Campaign 50,user50@example.com,7713,EU,2024-02-15
cmp-0051,Campaign 51,user51@example.com,7850,APAC,2024-03-15
cmp-0052,Campaign 52,user52@example.com,7987,LATAM,2024-04-15
cmp-0053,Campaign 53,user53@example.com,8124,NA,2024-05-15
cmp-0054,Campaign 54,user54@example.com,8261,EU,2024-06-15
cmp-0055,Campaign 55,user55@example.com,8398,APAC,2024-07-15
cmp-0056,Campaign 56,user56@example.com,8535,LATAM,2024-08-15
cmp-0057,Campaign 57,user57@example.com,8672,NA,2024-09-15
cmp-0058,Campaign 58,user58@example.com,8809,EU,2024-10-15
cmp-0059,Campaign 59,user59@example.com,8946,APAC,2024-11-15
cmp-0060,Campaign 60,user60@example.com,9083,LATAM,2024-12-15
cmp-0061,Campaign 61,user61@example.com,9220,NA,2024-01-15
cmp-0062,Campaign 62,user62@example.com,9357,EU,2024-02-15
cmp-0063,Campaign 63,user63@example.com,9494,APAC,2024-03-15
cmp-0064,Campaign 64,user64@example.com,9631,LATAM,2024-04-15
cmp-0065,Campaign 65,user65@example.com,9768,NA,2024-05-15
cmp-0066,Campaign 66,user66@example.com,9905,EU,2024-06-15
cmp-0067,Campaign 67,user67@example.com,10042,APAC,2024-07-15
cmp-0068,Campaign 68,user68@example.com,10179,LATAM,2024-08-15
cmp-0069,Campaign 69,user69@example.com,10316,NA,2024-09-15
cmp-0070,Campaign 70,user70@example.com,10453,EU,2024-10-15
cmp-0071,Campaign 71,user71@example.com,10590,APAC,2024-11-15
cmp-0072,Campaign 72,user72@example.com,10727,LATAM,2024-12-15
cmp-0073,Campaign 73,user73@example.com,10864,NA,2024-01-15
cmp-0074,Campaign 74,user74@example.com,11001,EU,2024-02-15
cmp-0075,Campaign 75,user75@example.com,11138,APAC,2024-03-15
cmp-0076,Campaign 76,user76@example.com,11275,LATAM,2024-04-15
cmp-0077,Campaign 77,user77@example.com,11412,NA,2024-05-15
cmp-0078,Campaign 78,user78@example.com,11549,EU,2024-06-15
cmp-0079,Campaign 79,user79@example.com,11686,APAC,2024-07-15
cmp-0080,Campaign 80,user80@example.com,11823,LATAM,2024-08-15
cmp-0081,Campaign 81,user81@example.com,11960,NA,2024-09-15
cmp-0082,Campaign 82,user82@example.com,12097,EU,2024-10-15
cmp-0083,Campaign 83,user83@example.com,12234,APAC,2024-11-15
cmp-0084,Campaign 84,alan@example.com,12371,LATAM,2024-12-15
cmp-0085,Campaign 85,user85@example.com,12508,NA,2024-01-15
cmp-0086,Campaign 86,user86@example.com,12645,EU,2024-02-15
cmp-0087,Campaign 87,user87@example.com,12782,APAC,2024-03-15
cmp-0088,Campaign 88,user88@example.com,12919,LATAM,2024-04-15
cmp-0089,Campaign 89,user89@example.com,13056,NA,2024-05-15
cmp-0090,Campaign 90,grace@example.com,13193,EU,2024-06-15
cmp-0091,Campaign 91,user91@example.com,13330,APAC,2024-07-15
cmp-0092,Campaign 92,user92@example.com,13467,LATAM,2024-08-15
cmp-0093,Campaign 93,user93@example.com,13604,NA,2024-09-15
cmp-0094,Campaign 94,user94@example.com,13741,EU,2024-10-15
cmp-0095,Campaign 95,user95@example.com,13878,APAC,2024-11-15
cmp-0096,Campaign 96,user96@example.com,14015,LATAM,2024-12-15
cmp-0097,Campaign 97,user97@example.com,14152,NA,2024-01-15
cmp-0098,Campaign 98,ada@example.com,14289,EU,2024-02-15
cmp-0099,Campaign 99,user99@example.com,14426,APAC,2024-03-15
cmp-0100,Campaign 100,user100@example.com,14563,LATAM,2024-04-15
cmp-0101,Campaign 101,user101@example.com,14700,NA,2024-05-15
cmp-0102,Campaign 102,user102@example.com,14837,EU,2024-06-15
cmp-0103,Campaign 103,user103@example.com,14974,APAC,2024-07-15
cmp-0104,Campaign 104,user104@example.com,15111,LATAM,2024-08-15
cmp-0105,Campaign 105,user105@example.com,15248,NA,2024-09-15
cmp-0106,Campaign 106,user106@example.com,15385,EU,2024-10-15
cmp-0107,Campaign 107,user107@example.com,15522,APAC,2024-11-15
cmp-0108,Campaign 108,user108@example.com,15659,LATAM,2024-12-15
cmp-0109,Campaign 109,user109@example.com,15796,NA,2024-01-15
cmp-0110,Campaign 110,user110@example.com,15933,EU,2024-02-15
cmp-0111,Campaign 111,user111@example.com,16070,APAC,2024-03-15
cmp-0112,Campaign 112,user112@example.com,16207,LATAM,2024-04-15
cmp-0113,Campaign 113,user113@example.com,16344,NA,2024-05-15
cmp-0114,Campaign 114,user114@example.com,16481,EU,2024-06-15
cmp-0115,Campaign 115,user115@example.com,16618,APAC,2024-07-15
cmp-0116,Campaign 116,user116@example.com,16755,LATAM,2024-08-15
cmp-0117,Campaign 117,user117@example.com,16892,NA,2024-09-15
cmp-0118,Campaign 118,user118@example.com,17029,EU,2024-10-15
cmp-0119,Campaign 119,user119@example.com,17166,APAC,2024-11-15
cmp-0120,Campaign 120,user120@example.com,17303,LATAM,2024-12-15
cmp-0121,Campaign 121,user121@example.com,17440,NA,2024-01-15
cmp-0122,Campaign 122,user122@example.com,17577,EU,2024-02-15
cmp-0123,Campaign 123,user123@example.com,17714,APAC,2024-03-15
cmp-0124,Campaign 124,user124@example.com,17851,LATAM,2024-04-15
cmp-0125,Campaign 125,user125@example.com,17988,NA,2024-05-15
cmp-0126,Campaign 126,user126@example.com,18125,EU,2024-06-15
cmp-0127,Campaign 127,user127@example.com,18262,APAC,2024-07-15
cmp-0128,Campaign 128,user128@example.com,18399,LATAM,2024-08-15
cmp-0129,Campaign 129,user129@example.com,18536,NA,2024-09-15
cmp-0130,Campaign 130,user130@example.com,18673,EU,2024-10-15
cmp-0131,Campaign 131,user131@example.com,18810,APAC,2024-11-15
cmp-0132,Campaign 132,user132@example.com,18947,LATAM,2024-12-15
cmp-0133,Campaign 133,user133@example.com,19084,NA,2024-01-15
cmp-0134,Campaign 134,user134@example.com,19221,EU,2024-02-15
cmp-0135,Campaign 135,user135@example.com,19358,APAC,2024-03-15
cmp-0136,Campaign 136,user136@example.com,19495,LATAM,2024-04-15
cmp-0137,Campaign 137,user137@example.com,19632,NA,2024-05-15
cmp-0138,Campaign 138,user138@example.com,19769,EU,2024-06-15
cmp-0139,Campaign 139,user139@example.com,19906,APAC,2024-07-15
cmp-0140,Campaign 140,user140@example.com,20043,LATAM,2024-08-15
cmp-0141,Campaign 141,user141@example.com,20180,NA,2024-09-15
cmp-0142,Campaign 142,user142@example.com,20317,EU,2024-10-15
cmp-0143,Campaign 143,user143@example.com,20454,APAC,2024-11-15
cmp-0144,Campaign 144,user144@example.com,20591,LATAM,2024-12-15
cmp-0145,Campaign 145,user145@example.com,20728,NA,2024-01-15
cmp-0146,Campaign 146,user146@example.com,20865,EU,2024-02-15
cmp-0147,Campaign 147,user147@example.com,21002,APAC,2024-03-15
cmp-0148,Campaign 148,user148@example.com,21139,LATAM,2024-04-15
cmp-0149,Campaign 149,user149@example.com,21276,NA,2024-05-15
cmp-0150,Campaign 150,user150@example.com,21413,EU,2024-06-15
cmp-0151,Campaign 151,user151@example.com,21550,APAC,2024-07-15
cmp-0152,Campaign 152,user152@example.com,21687,LATAM,2024-08-15
cmp-0153,Campaign 153,user153@example.com,21824,NA,2024-09-15
cmp-0154,Campaign 154,user154@example.com,21961,EU,2024-10-15
cmp-0155,Campaign 155,user155@example.com,22098,APAC,2024-11-15
cmp-0156,Campaign 156,user156@example.com,22235,LATAM,2024-12-15
cmp-0157,Campaign 157,user157@example.com,22372,NA,2024-01-15
cmp-0158,Campaign 158,user158@example.com,22509,EU,2024-02-15
cmp-0159,Campaign 159,user159@example.com,22646,APAC,2024-03-15
cmp-0160,Campaign 160,user160@example.com,22783,LATAM,2024-04-15
cmp-0161,Campaign 161,user161@example.com,22920,NA,2024-05-15
cmp-0162,Campaign 162,user162@example.com,23057,EU,2024-06-15
cmp-0163,Campaign 163,user163@example.com,23194,APAC,2024-07-15
cmp-0164,Campaign 164,user164@example.com,23331,LATAM,2024-08-15
cmp-0165,Campaign 165,user165@example.com,23468,NA,2024-09-15
cmp-0166,Campaign 166,user166@example.com,23605,EU,2024-10-15
cmp-0167,Campaign 167,alan@example.com,23742,APAC,2024-11-15
cmp-0168,Campaign 168,user168@example.com,23879,LATAM,2024-12-15
cmp-0169,Campaign 169,user169@example.com,24016,NA,2024-01-15
cmp-0170,Campaign 170,user170@example.com,24153,EU,2024-02-15
cmp-0171,Campaign 171,user171@example.com,24290,APAC,2024-03-15
cmp-0172,Campaign 172,user172@example.com,24427,LATAM,2024-04-15
cmp-0173,Campaign 173,user173@example.com,24564,NA,2024-05-15
cmp-0174,Campaign 174,user174@example.com,24701,EU,2024-06-15
cmp-0175,Campaign 175,user175@example.com,24838,APAC,2024-07-15
cmp-0176,Campaign 176,user176@example.com,24975,LATAM,2024-08-15
cmp-0177,Campaign 177,user177@example.com,25112,NA,2024-09-15
cmp-0178,Campaign 178,user178@example.com,25249,EU,2024-10-15
cmp-0179,Campaign 179,grace@example.com,25386,APAC,2024-11-15
cmp-0180,Campaign 180,user180@example.com,25523,LATAM,2024-12-15
cmp-0181,Campaign 181,user181@example.com,25660,NA,2024-01-15
cmp-0182,Campaign 182,user182@example.com,25797,EU,2024-02-15
cmp-0183,Campaign 183,user183@example.com,25934,APAC,2024-03-15
cmp-0184,Campaign 184,user184@example.com,26071,LATAM,2024-04-15
cmp-0185,Campaign 185,user185@example.com,26208,NA,2024-05-15
cmp-0186,Campaign 186,user186@example.com,26345,EU,2024-06-15
cmp-0187,Campaign 187,user187@example.com,26482,APAC,2024-07-15
cmp-0188,Campaign 188,user188@example.com,26619,LATAM,2024-08-15
cmp-0189,Campaign 189,user189@example.com,26756,NA,2024-09-15
cmp-0190,Campaign 190,user190@example.com,26893,EU,2024-10-15
cmp-0191,Campaign 191,user191@example.com,27030,APAC,2024-11-15
cmp-0192,Campaign 192,user192@example.com,27167,LATAM,2024-12-15
cmp-0193,Campaign 193,user193@example.com,27304,NA,2024-01-15
cmp-0194,Campaign 194,user194@example.com,27441,EU,2024-02-15
cmp-0195,Campaign 195,ada@example.com,27578,APAC,2024-03-15
cmp-0196,Campaign 196,user196@example.com,27715,LATAM,2024-04-15
cmp-0197,Campaign 197,user197@example.com,27852,NA,2024-05-15
cmp-0198,Campaign 198,user198@example.com,27989,EU,2024-06-15
cmp-0199,Campaign 199,user199@example.com,28126,APAC,2024-07-15
cmp-0200,Campaign 200,user200@example.com,28263,LATAM,2024-08-15
cmp-0201,Campaign 201,user201@example.com,28400,NA,2024-09-15
cmp-0202,Campaign 202,user202@example.com,28537,EU,2024-10-15
cmp-0203,Campaign 203,user203@example.com,28674,APAC,2024-11-15
cmp-0204,Campaign 204,user204@example.com,28811,LATAM,2024-12-15
cmp-0205,Campaign 205,user205@example.com,28948,NA,2024-01-15
cmp-0206,Campaign 206,user206@example.com,29085,EU,2024-02-15
cmp-0207,Campaign 207,user207@example.com,29222,APAC,2024-03-15
cmp-0208,Campaign 208,user208@example.com,29359,LATAM,2024-04-15
cmp-0209,Campaign 209,user209@example.com,29496,NA,2024-05-15
cmp-0210,Campaign 210,user210@example.com,29633,EU,2024-06-15
cmp-0211,Campaign 211,user211@example.com,29770,APAC,2024-07-15
cmp-0212,Campaign 212,user212@example.com,29907,LATAM,2024-08-15
cmp-0213,Campaign 213,user213@example.com,30044,NA,2024-09-15
cmp-0214,Campaign 214,user214@example.com,30181,EU,2024-10-15
cmp-0215,Campaign 215,user215@example.com,30318,APAC,2024-11-15
cmp-0216,Campaign 216,user216@example.com,30455,LATAM,2024-12-15
cmp-0217,Campaign 217,user217@example.com,30592,NA,2024-01-15
cmp-0218,Campaign 218,user218@example.com,30729,EU,2024-02-15
cmp-0219,Campaign 219,user219@example.com,30866,APAC,2024-03-15
cmp-0220,Campaign 220,user220@example.com,31003,LATAM,2024-04-15
cmp-0221,Campaign 221,user221@example.com,31140,NA,2024-05-15
cmp-0222,Campaign 222,user222@example.com,31277,EU,2024-06-15
cmp-0223,Campaign 223,user223@example.com,31414,APAC,2024-07-15
cmp-0224,Campaign 224,user224@example.com,31551,LATAM,2024-08-15
cmp-0225,Campaign 225,user225@example.com,31688,NA,2024-09-15
cmp-0226,Campaign 226,user226@example.com,31825,EU,2024-10-15
cmp-0227,Campaign 227,user227@example.com,31962,APAC,2024-11-15
cmp-0228,Campaign 228,user228@example.com,32099,LATAM,2024-12-15
cmp-0229,Campaign 229,user229@example.com,32236,NA,2024-01-15
cmp-0230,Campaign 230,user230@example.com,32373,EU,2024-02-15
cmp-0231,Campaign 231,user231@example.com,32510,APAC,2024-03-15
cmp-0232,Campaign 232,user232@example.com,32647,LATAM,2024-04-15
cmp-0233,Campaign 233,user233@example.com,32784,NA,2024-05-15
cmp-0234,Campaign 234,user234@example.com,32921,EU,2024-06-15
cmp-0235,Campaign 235,user235@example.com,33058,APAC,2024-07-15
cmp-0236,Campaign 236,user236@example.com,33195,LATAM,2024-08-15
cmp-0237,Campaign 237,user237@example.com,33332,NA,2024-09-15
cmp-0238,Campaign 238,user238@example.com,33469,EU,2024-10-15
cmp-0239,Campaign 239,user239@example.com,33606,APAC,2024-11-15
cmp-0240,Campaign 240,user240@example.com,33743,LATAM,2024-12-15
cmp-0241,Campaign 241,user241@example.com,33880,NA,2024-01-15
cmp-0242,Campaign 242,user242@example.com,34017,EU,2024-02-15
cmp-0243,Campaign 243,user243@example.com,34154,APAC,2024-03-15
cmp-0244,Campaign 244,user244@example.com,34291,LATAM,2024-04-15
cmp-0245,Campaign 245,user245@example.com,34428,NA,2024-05-15
cmp-0246,Campaign 246,user246@example.com,34565,EU,2024-06-15
cmp-0247,Campaign 247,user247@example.com,34702,APAC,2024-07-15
cmp-0248,Campaign 248,user248@example.com,34839,LATAM,2024-08-15
cmp-0249,Campaign 249,user249@example.com,34976,NA,2024-09-15
cmp-0250,Campaign 250,alan@example.com,35113,EU,2024-10-15
cmp-0251,Campaign 251,user251@example.com,35250,APAC,2024-11-15
cmp-0252,Campaign 252,user252@example.com,35387,LATAM,2024-12-15
cmp-0253,Campaign 253,user253@example.com,35524,NA,2024-01-15
cmp-0254,Campaign 254,user254@example.com,35661,EU,2024-02-15
cmp-0255,Campaign 255,user255@example.com,35798,APAC,2024-03-15
cmp-0256,Campaign 256,user256@example.com,35935,LATAM,2024-04-15
cmp-0257,Campaign 257,user257@example.com,36072,NA,2024-05-15
cmp-0258,Campaign 258,user258@example.com,36209,EU,2024-06-15
cmp-0259,Campaign 259,user259@example.com,36346,APAC,2024-07-15
cmp-0260,Campaign 260,user260@example.com,36483,LATAM,2024-08-15
cmp-0261,Campaign 261,user261@example.com,36620,NA,2024-09-15
cmp-0262,Campaign 262,user262@example.com,36757,EU,2024-10-15
cmp-0263,Campaign 263,user263@example.com,36894,APAC,2024-11-15
cmp-0264,Campaign 264,user264@example.com,37031,LATAM,2024-12-15
cmp-0265,Campaign 265,user265@example.com,37168,NA,2024-01-15
cmp-0266,Campaign 266,user266@example.com,37305,EU,2024-02-15
cmp-0267,Campaign 267,user267@example.com,37442,APAC,2024-03-15
cmp-0268,Campaign 268,grace@example.com,37579,LATAM,2024-04-15
cmp-0269,Campaign 269,user269@example.com,37716,NA,2024-05-15
cmp-0270,Campaign 270,user270@example.com,37853,EU,2024-06-15
cmp-0271,Campaign 271,user271@example.com,37990,APAC,2024-07-15
cmp-0272,Campaign 272,user272@example.com,38127,LATAM,2024-08-15
cmp-0273,Campaign 273,user273@example.com,38264,NA,2024-09-15
cmp-0274,Campaign 274,user274@example.com,38401,EU,2024-10-15
cmp-0275,Campaign 275,user275@example.com,38538,APAC,2024-11-15
cmp-0276,Campaign 276,user276@example.com,38675,LATAM,2024-12-15
cmp-0277,Campaign 277,user277@example.com,38812,NA,2024-01-15
cmp-0278,Campaign 278,user278@example.com,38949,EU,2024-02-15
cmp-0279,Campaign 279,user279@example.com,39086,APAC,2024-03-15
cmp-0280,Campaign 280,user280@example.com,39223,LATAM,2024-04-15
cmp-0281,Campaign 281,user281@example.com,39360,NA,2024-05-15
cmp-0282,Campaign 282,user282@example.com,39497,EU,2024-06-15
cmp-0283,Campaign 283,user283@example.com,39634,APAC,2024-07-15
cmp-0284,Campaign 284,user284@example.com,39771,LATAM,2024-08-15
cmp-0285,Campaign 285,user285@example.com,39908,NA,2024-09-15
cmp-0286,Campaign 286,user286@example.com,40045,EU,2024-10-15
cmp-0287,Campaign 287,user287@example.com,40182,APAC,2024-11-15
cmp-0288,Campaign 288,user288@example.com,40319,LATAM,2024-12-15
cmp-0289,Campaign 289,user289@example.com,40456,NA,2024-01-15
cmp-0290,Campaign 290,user290@example.com,40593,EU,2024-02-15
cmp-0291,Campaign 291,user291@example.com,40730,APAC,2024-03-15
cmp-0292,Campaign 292,ada@example.com,40867,LATAM,2024-04-15
cmp-0293,Campaign 293,user293@example.com,41004,NA,2024-05-15
cmp-0294,Campaign 294,user294@example.com,41141,EU,2024-06-15
cmp-0295,Campaign 295,user295@example.com,41278,APAC,2024-07-15
cmp-0296,Campaign 296,user296@example.com,41415,LATAM,2024-08-15
cmp-0297,Campaign 297,user297@example.com,41552,NA,2024-09-15
cmp-0298,Campaign 298,user298@example.com,41689,EU,2024-10-15
cmp-0299,Campaign 299,user299@example.com,41826,APAC,2024-11-15
cmp-0300,Campaign 300,user300@example.com,41963,LATAM,2024-12-15
cmp-0301,Campaign 301,user301@example.com,42100,NA,2024-01-15
cmp-0302,Campaign 302,user302@example.com,42237,EU,2024-02-15
cmp-0303,Campaign 303,user303@example.com,42374,APAC,2024-03-15
cmp-0304,Campaign 304,user304@example.com,42511,LATAM,2024-04-15
cmp-0305,Campaign 305,user305@example.com,42648,NA,2024-05-15
cmp-0306,Campaign 306,user306@example.com,42785,EU,2024-06-15
cmp-0307,Campaign 307,user307@example.com,42922,APAC,2024-07-15
cmp-0308,Campaign 308,user308@example.com,43059,LATAM,2024-08-15
cmp-0309,Campaign 309,user309@example.com,43196,NA,2024-09-15
cmp-0310,Campaign 310,user310@example.com,43333,EU,2024-10-15
cmp-0311,Campaign 311,user311@example.com,43470,APAC,2024-11-15
cmp-0312,Campaign 312,user312@example.com,43607,LATAM,2024-12-15
cmp-0313,Campaign 313,user313@example.com,43744,NA,2024-01-15
cmp-0314,Campaign 314,user314@example.com,43881,EU,2024-02-15
cmp-0315,Campaign 315,user315@example.com,44018,APAC,2024-03-15
cmp-0316,Campaign 316,user316@example.com,44155,LATAM,2024-04-15
cmp-0317,Campaign 317,user317@example.com,44292,NA,2024-05-15
cmp-0318,Campaign 318,user318@example.com,44429,EU,2024-06-15
cmp-0319,Campaign 319,user319@example.com,44566,APAC,2024-07-15
cmp-0320,Campaign 320,user320@example.com,44703,LATAM,2024-08-15
cmp-0321,Campaign 321,user321@example.com,44840,NA,2024-09-15
cmp-0322,Campaign 322,user322@example.com,44977,EU,2024-10-15
cmp-0323,Campaign 323,user323@example.com,45114,APAC,2024-11-15
cmp-0324,Campaign 324,user324@example.com,45251,LATAM,2024-12-15
cmp-0325,Campaign 325,user325@example.com,45388,NA,2024-01-15
cmp-0326,Campaign 326,user326@example.com,45525,EU,2024-02-15
cmp-0327,Campaign 327,user327@example.com,45662,APAC,2024-03-15
cmp-0328,Campaign 328,user328@example.com,45799,LATAM,2024-04-15
cmp-0329,Campaign 329,user329@example.com,45936,NA,2024-05-15
cmp-0330,Campaign 330,user330@example.com,46073,EU,2024-06-15
cmp-0331,Campaign 331,user331@example.com,46210,APAC,2024-07-15
cmp-0332,Campaign 332,user332@example.com,46347,LATAM,2024-08-15
cmp-0333,Campaign 333,alan@example.com,46484,NA,2024-09-15
cmp-0334,Campaign 334,user334@example.com,46621,EU,2024-10-15
cmp-0335,Campaign 335,user335@example.com,46758,APAC,2024-11-15
cmp-0336,Campaign 336,user336@example.com,46895,LATAM,2024-12-15
cmp-0337,Campaign 337,user337@example.com,47032,NA,2024-01-15
cmp-0338,Campaign 338,user338@example.com,47169,EU,2024-02-15
cmp-0339,Campaign 339,user339@example.com,47306,APAC,2024-03-15
cmp-0340,Campaign 340,user340@example.com,47443,LATAM,2024-04-15
cmp-0341,Campaign 341,user341@example.com,47580,NA,2024-05-15
cmp-0342,Campaign 342,user342@example.com,47717,EU,2024-06-15
cmp-0343,Campaign 343,user343@example.com,47854,APAC,2024-07-15
cmp-0344,Campaign 344,user344@example.com,47991,LATAM,2024-08-15
cmp-0345,Campaign 345,user345@example.com,48128,NA,2024-09-15
cmp-0346,Campaign 346,user346@example.com,48265,EU,2024-10-15
cmp-0347,Campaign 347,user347@example.com,48402,APAC,2024-11-15
cmp-0348,Campaign 348,user348@example.com,48539,LATAM,2024-12-15
cmp-0349,Campaign 349,user349@example.com,48676,NA,2024-01-15
cmp-0350,Campaign 350,user350@example.com,48813,EU,2024-02-15
cmp-0351,Campaign 351,user351@example.com,48950,APAC,2024-03-15
cmp-0352,Campaign 352,user352@example.com,49087,LATAM,2024-04-15
cmp-0353,Campaign 353,user353@example.com,49224,NA,2024-05-15
cmp-0354,Campaign 354,user354@example.com,49361,EU,2024-06-15
cmp-0355,Campaign 355,user355@example.com,49498,APAC,2024-07-15
cmp-0356,Campaign 356,user356@example.com,49635,LATAM,2024-08-15
cmp-0357,Campaign 357,grace@example.com,49772,NA,2024-09-15
cmp-0358,Campaign 358,user358@example.com,49909,EU,2024-10-15
cmp-0359,Campaign 359,user359@example.com,1046,APAC,2024-11-15
cmp-0360,Campaign 360,user360@example.com,1183,LATAM,2024-12-15
cmp-0361,Campaign 361,user361@example.com,1320,NA,2024-01-15
cmp-0362,Campaign 362,user362@example.com,1457,EU,2024-02-15
cmp-0363,Campaign 363,user363@example.com,1594,APAC,2024-03-15
cmp-0364,Campaign 364,user364@example.com,1731,LATAM,2024-04-15
cmp-0365,Campaign 365,user365@example.com,1868,NA,2024-05-15
cmp-0366,Campaign 366,user366@example.com,2005,EU,2024-06-15
cmp-0367,Campaign 367,user367@example.com,2142,APAC,2024-07-15
cmp-0368,Campaign 368,user368@example.com,2279,LATAM,2024-08-15
cmp-0369,Campaign 369,user369@example.com,2416,NA,2024-09-15
cmp-0370,Campaign 370,user370@example.com,2553,EU,2024-10-15
cmp-0371,Campaign 371,user371@example.com,2690,APAC,2024-11-15
cmp-0372,Campaign 372,user372@example.com,2827,LATAM,2024-12-15
cmp-0373,Campaign 373,user373@example.com,2964,NA,2024-01-15
cmp-0374,Campaign 374,user374@example.com,3101,EU,2024-02-15
cmp-0375,Campaign 375,user375@example.com,3238,APAC,2024-03-15
cmp-0376,Campaign 376,user376@example.com,3375,LATAM,2024-04-15
cmp-0377,Campaign 377,user377@example.com,3512,NA,2024-05-15
cmp-0378,Campaign 378,user378@example.com,3649,EU,2024-06-15
cmp-0379,Campaign 379,user379@example.com,3786,APAC,2024-07-15
cmp-0380,Campaign 380,user380@example.com,3923,LATAM,2024-08-15
cmp-0381,Campaign 381,user381@example.com,4060,NA,2024-09-15
cmp-0382,Campaign 382,user382@example.com,4197,EU,2024-10-15
cmp-0383,Campaign 383,user383@example.com,4334,APAC,2024-11-15
cmp-0384,Campaign 384,user384@example.com,4471,LATAM,2024-12-15
cmp-0385,Campaign 385,user385@example.com,4608,NA,2024-01-15
cmp-0386,Campaign 386,user386@example.com,4745,EU,2024-02-15
cmp-0387,Campaign 387,user387@example.com,4882,APAC,2024-03-15
cmp-0388,Campaign 388,user388@example.com,5019,LATAM,2024-04-15
cmp-0389,Campaign 389,ada@example.com,5156,NA,2024-05-15
cmp-0390,Campaign 390,user390@example.com,5293,EU,2024-06-15
cmp-0391,Campaign 391,user391@example.com,5430,APAC,2024-07-15
cmp-0392,Campaign 392,user392@example.com,5567,LATAM,2024-08-15
cmp-0393,Campaign 393,user393@example.com,5704,NA,2024-09-15
cmp-0394,Campaign 394,user394@example.com,5841,EU,2024-10-15
cmp-0395,Campaign 395,user395@example.com,5978,APAC,2024-11-15
cmp-0396,Campaign 396,user396@example.com,6115,LATAM,2024-12-15
cmp-0397,Campaign 397,user397@example.com,6252,NA,2024-01-15
cmp-0398,Campaign 398,user398@example.com,6389,EU,2024-02-15
cmp-0399,Campaign 399,user399@example.com,6526,APAC,2024-03-15
cmp-0400,Campaign 400,user400@example.com,6663,LATAM,2024-04-15
cmp-0401,Campaign 401,user401@example.com,6800,NA,2024-05-15
cmp-0402,Campaign 402,user402@example.com,6937,EU,2024-06-15
cmp-0403,Campaign 403,user403@example.com,7074,APAC,2024-07-15
cmp-0404,Campaign 404,user404@example.com,7211,LATAM,2024-08-15
cmp-0405,Campaign 405,user405@example.com,7348,NA,2024-09-15
cmp-0406,Campaign 406,user406@example.com,7485,EU,2024-10-15
cmp-0407,Campaign 407,user407@example.com,7622,APAC,2024-11-15
cmp-0408,Campaign 408,user408@example.com,7759,LATAM,2024-12-15
cmp-0409,Campaign 409,user409@example.com,7896,NA,2024-01-15
cmp-0410,Campaign 410,user410@example.com,8033,EU,2024-02-15
cmp-0411,Campaign 411,user411@example.com,8170,APAC,2024-03-15
cmp-0412,Campaign 412,user412@example.com,8307,LATAM,2024-04-15
cmp-0413,Campaign 413,user413@example.com,8444,NA,2024-05-15
cmp-0414,Campaign 414,user414@example.com,8581,EU,2024-06-15
cmp-0415,Campaign 415,user415@example.com,8718,APAC,2024-07-15
cmp-0416,Campaign 416,alan@example.com,8855,LATAM,2024-08-15
cmp-0417,Campaign 417,user417@example.com,8992,NA,2024-09-15
cmp-0418,Campaign 418,user418@example.com,9129,EU,2024-10-15
cmp-0419,Campaign 419,user419@example.com,9266,APAC,2024-11-15
cmp-0420,Campaign 420,user420@example.com,9403,LATAM,2024-12-15
cmp-0421,Campaign 421,user421@example.com,9540,NA,2024-01-15
cmp-0422,Campaign 422,user422@example.com,9677,EU,2024-02-15
cmp-0423,Campaign 423,user423@example.com,9814,APAC,2024-03-15
cmp-0424,Campaign 424,user424@example.com,9951,LATAM,2024-04-15
cmp-0425,Campaign 425,user425@example.com,10088,NA,2024-05-15
cmp-0426,Campaign 426,user426@example.com,10225,EU,2024-06-15
cmp-0427,Campaign 427,user427@example.com,10362,APAC,2024-07-15
cmp-0428,Campaign 428,user428@example.com,10499,LATAM,2024-08-15
cmp-0429,Campaign 429,user429@example.com,10636,NA,2024-09-15
cmp-0430,Campaign 430,user430@example.com,10773,EU,2024-10-15
cmp-0431,Campaign 431,user431@example.com,10910,APAC,2024-11-15
cmp-0432,Campaign 432,user432@example.com,11047,LATAM,2024-12-15
cmp-0433,Campaign 433,user433@example.com,11184,NA,2024-01-15
cmp-0434,Campaign 434,user434@example.com,11321,EU,2024-02-15
cmp-0435,Campaign 435,user435@example.com,11458,APAC,2024-03-15
cmp-0436,Campaign 436,user436@example.com,11595,LATAM,2024-04-15
cmp-0437,Campaign 437,user437@example.com,11732,NA,2024-05-15
cmp-0438,Campaign 438,user438@example.com,11869,EU,2024-06-15
cmp-0439,Campaign 439,user439@example.com,12006,APAC,2024-07-15
cmp-0440,Campaign 440,user440@example.com,12143,LATAM,2024-08-15
cmp-0441,Campaign 441,user441@example.com,12280,NA,2024-09-15
cmp-0442,Campaign 442,user442@example.com,12417,EU,2024-10-15
cmp-0443,Campaign 443,user443@example.com,12554,APAC,2024-11-15
cmp-0444,Campaign 444,user444@example.com,12691,LATAM,2024-12-15
cmp-0445,Campaign 445,user445@example.com,12828,NA,2024-01-15
cmp-0446,Campaign 446,grace@example.com,12965,EU,2024-02-15
cmp-0447,Campaign 447,user447@example.com,13102,APAC,2024-03-15
cmp-0448,Campaign 448,user448@example.com,13239,LATAM,2024-04-15
cmp-0449,Campaign 449,user449@example.com,13376,NA,2024-05-15
cmp-0450,Campaign 450,user450@example.com,13513,EU,2024-06-15
cmp-0451,Campaign 451,user451@example.com,13650,APAC,2024-07-15
cmp-0452,Campaign 452,user452@example.com,13787,LATAM,2024-08-15
cmp-0453,Campaign 453,user453@example.com,13924,NA,2024-09-15
cmp-0454,Campaign 454,user454@example.com,14061,EU,2024-10-15
cmp-0455,Campaign 455,user455@example.com,14198,APAC,2024-11-15
cmp-0456,Campaign 456,user456@example.com,14335,LATAM,2024-12-15
cmp-0457,Campaign 457,user457@example.com,14472,NA,2024-01-15
cmp-0458,Campaign 458,user458@example.com,14609,EU,2024-02-15
cmp-0459,Campaign 459,user459@example.com,14746,APAC,2024-03-15
cmp-0460,Campaign 460,user460@example.com,14883,LATAM,2024-04-15
cmp-0461,Campaign 461,user461@example.com,15020,NA,2024-05-15
cmp-0462,Campaign 462,user462@example.com,15157,EU,2024-06-15
cmp-0463,Campaign 463,user463@example.com,15294,APAC,2024-07-15
cmp-0464,Campaign 464,user464@example.com,15431,LATAM,2024-08-15
cmp-0465,Campaign 465,user465@example.com,15568,NA,2024-09-15
cmp-0466,Campaign 466,user466@example.com,15705,EU,2024-10-15
cmp-0467,Campaign 467,user467@example.com,15842,APAC,2024-11-15
cmp-0468,Campaign 468,user468@example.com,15979,LATAM,2024-12-15
cmp-0469,Campaign 469,user469@example.com,16116,NA,2024-01-15
cmp-0470,Campaign 470,user470@example.com,16253,EU,2024-02-15
cmp-0471,Campaign 471,user471@example.com,16390,APAC,2024-03-15
cmp-0472,Campaign 472,user472@example.com,16527,LATAM,2024-04-15
cmp-0473,Campaign 473,user473@example.com,16664,NA,2024-05-15
cmp-0474,Campaign 474,user474@example.com,16801,EU,2024-06-15
cmp-0475,Campaign 475,user475@example.com,16938,APAC,2024-07-15
cmp-0476,Campaign 476,user476@example.com,17075,LATAM,2024-08-15
cmp-0477,Campaign 477,user477@example.com,17212,NA,2024-09-15
cmp-0478,Campaign 478,user478@example.com,17349,EU,2024-10-15
cmp-0479,Campaign 479,user479@example.com,17486,APAC,2024-11-15
cmp-0480,Campaign 480,user480@example.com,17623,LATAM,2024-12-15
cmp-0481,Campaign 481,user481@example.com,17760,NA,2024-01-15
cmp-0482,Campaign 482,user482@example.com,17897,EU,2024-02-15
cmp-0483,Campaign 483,user483@example.com,18034,APAC,2024-03-15
cmp-0484,Campaign 484,user484@example.com,18171,LATAM,2024-04-15
cmp-0485,Campaign 485,user485@example.com,18308,NA,2024-05-15
cmp-0486,Campaign 486,ada@example.com,18445,EU,2024-06-15
cmp-0487,Campaign 487,user487@example.com,18582,APAC,2024-07-15
cmp-0488,Campaign 488,user488@example.com,18719,LATAM,2024-08-15
cmp-0489,Campaign 489,user489@example.com,18856,NA,2024-09-15
cmp-0490,Campaign 490,user490@example.com,18993,EU,2024-10-15
cmp-0491,Campaign 491,user491@example.com,19130,APAC,2024-11-15
cmp-0492,Campaign 492,user492@example.com,19267,LATAM,2024-12-15
cmp-0493,Campaign 493,user493@example.com,19404,NA,2024-01-15
cmp-0494,Campaign 494,user494@example.com,19541,EU,2024-02-15
cmp-0495,Campaign 495,user495@example.com,19678,APAC,2024-03-15
cmp-0496,Campaign 496,user496@example.com,19815,LATAM,2024-04-15
cmp-0497,Campaign 497,user497@example.com,19952,NA,2024-05-15
cmp-0498,Campaign 498,user498@example.com,20089,EU,2024-06-15
cmp-0499,Campaign 499,alan@example.com,20226,APAC,2024-07-15
cmp-0500,Campaign 500,user500@example.com,20363,LATAM,2024-08-15
cmp-0501,Campaign 501,user501@example.com,20500,NA,2024-09-15
cmp-0502,Campaign 502,user502@example.com,20637,EU,2024-10-15
cmp-0503,Campaign 503,user503@example.com,20774,APAC,2024-11-15
cmp-0504,Campaign 504,user504@example.com,20911,LATAM,2024-12-15
cmp-0505,Campaign 505,user505@example.com,21048,NA,2024-01-15
cmp-0506,Campaign 506,user506@example.com,21185,EU,2024-02-15
cmp-0507,Campaign 507,user507@example.com,21322,APAC,2024-03-15
cmp-0508,Campaign 508,user508@example.com,21459,LATAM,2024-04-15
cmp-0509,Campaign 509,user509@example.com,21596,NA,2024-05-15
cmp-0510,Campaign 510,user510@example.com,21733,EU,2024-06-15
cmp-0511,Campaign 511,user511@example.com,21870,APAC,2024-07-15
cmp-0512,Campaign 512,user512@example.com,22007,LATAM,2024-08-15
cmp-0513,Campaign 513,user513@example.com,22144,NA,2024-09-15
cmp-0514,Campaign 514,user514@example.com,22281,EU,2024-10-15
cmp-0515,Campaign 515,user515@example.com,22418,APAC,2024-11-15
cmp-0516,Campaign 516,user516@example.com,22555,LATAM,2024-12-15
cmp-0517,Campaign 517,user517@example.com,22692,NA,2024-01-15
cmp-0518,Campaign 518,user518@example.com,22829,EU,2024-02-15
cmp-0519,Campaign 519,user519@example.com,22966,APAC,2024-03-15
cmp-0520,Campaign 520,user520@example.com,23103,LATAM,2024-04-15
cmp-0521,Campaign 521,user521@example.com,23240,NA,2024-05-15
cmp-0522,Campaign 522,user522@example.com,23377,EU,2024-06-15
cmp-0523,Campaign 523,user523@example.com,23514,APAC,2024-07-15
cmp-0524,Campaign 524,user524@example.com,23651,LATAM,2024-08-15
cmp-0525,Campaign 525,user525@example.com,23788,NA,2024-09-15
cmp-0526,Campaign 526,user526@example.com,23925,EU,2024-10-15
cmp-0527,Campaign 527,user527@example.com,24062,APAC,2024-11-15
cmp-0528,Campaign 528,user528@example.com,24199,LATAM,2024-12-15
cmp-0529,Campaign 529,user529@example.com,24336,NA,2024-01-15
cmp-0530,Campaign 530,user530@example.com,24473,EU,2024-02-15
cmp-0531,Campaign 531,user531@example.com,24610,APAC,2024-03-15
cmp-0532,Campaign 532,user532@example.com,24747,LATAM,2024-04-15
cmp-0533,Campaign 533,user533@example.com,24884,NA,2024-05-15
cmp-0534,Campaign 534,user534@example.com,25021,EU,2024-06-15
cmp-0535,Campaign 535,grace@example.com,25158,APAC,2024-07-15
cmp-0536,Campaign 536,user536@example.com,25295,LATAM,2024-08-15
cmp-0537,Campaign 537,user537@example.com,25432,NA,2024-09-15
cmp-0538,Campaign 538,user538@example.com,25569,EU,2024-10-15
cmp-0539,Campaign 539,user539@example.com,25706,APAC,2024-11-15
cmp-0540,Campaign 540,user540@example.com,25843,LATAM,2024-12-15
cmp-0541,Campaign 541,user541@example.com,25980,NA,2024-01-15
cmp-0542,Campaign 542,user542@example.com,26117,EU,2024-02-15
cmp-0543,Campaign 543,user543@example.com,26254,APAC,2024-03-15
cmp-0544,Campaign 544,user544@example.com,26391,LATAM,2024-04-15
cmp-0545,Campaign 545,user545@example.com,26528,NA,2024-05-15
cmp-0546,Campaign 546,user546@example.com,26665,EU,2024-06-15
cmp-0547,Campaign 547,user547@example.com,26802,APAC,2024-07-15
cmp-0548,Campaign 548,user548@example.com,26939,LATAM,2024-08-15
cmp-0549,Campaign 549,user549@example.com,27076,NA,2024-09-15
cmp-0550,Campaign 550,user550@example.com,27213,EU,2024-10-15
cmp-0551,Campaign 551,user551@example.com,27350,APAC,2024-11-15
cmp-0552,Campaign 552,user552@example.com,27487,LATAM,2024-12-15
cmp-0553,Campaign 553,user553@example.com,27624,NA,2024-01-15
cmp-0554,Campaign 554,user554@example.com,27761,EU,2024-02-15
cmp-0555,Campaign 555,user555@example.com,27898,APAC,2024-03-15
cmp-0556,Campaign 556,user556@example.com,28035,LATAM,2024-04-15
cmp-0557,Campaign 557,user557@example.com,28172,NA,2024-05-15
cmp-0558,Campaign 558,user558@example.com,28309,EU,2024-06-15
cmp-0559,Campaign 559,user559@example.com,28446,APAC,2024-07-15
cmp-0560,Campaign 560,user560@example.com,28583,LATAM,2024-08-15
cmp-0561,Campaign 561,user561@example.com,28720,NA,2024-09-15
cmp-0562,Campaign 562,user562@example.com,28857,EU,2024-10-15
cmp-0563,Campaign 563,user563@example.com,28994,APAC,2024-11-15
cmp-0564,Campaign 564,user564@example.com,29131,LATAM,2024-12-15
cmp-0565,Campaign 565,user565@example.com,29268,NA,2024-01-15
cmp-0566,Campaign 566,user566@example.com,29405,EU,2024-02-15
cmp-0567,Campaign 567,user567@example.com,29542,APAC,2024-03-15
cmp-0568,Campaign 568,user568@example.com,29679,LATAM,2024-04-15
cmp-0569,Campaign 569,user569@example.com,29816,NA,2024-05-15
cmp-0570,Campaign 570,user570@example.com,29953,EU,2024-06-15
cmp-0571,Campaign 571,user571@example.com,30090,APAC,2024-07-15
cmp-0572,Campaign 572,user572@example.com,30227,LATAM,2024-08-15
cmp-0573,Campaign 573,user573@example.com,30364,NA,2024-09-15
cmp-0574,Campaign 574,user574@example.com,30501,EU,2024-10-15
cmp-0575,Campaign 575,user575@example.com,30638,APAC,2024-11-15
cmp-0576,Campaign 576,user576@example.com,30775,LATAM,2024-12-15
cmp-0577,Campaign 577,user577@example.com,30912,NA,2024-01-15
cmp-0578,Campaign 578,user578@example.com,31049,EU,2024-02-15
cmp-0579,Campaign 579,user579@example.com,31186,APAC,2024-03-15
cmp-0580,Campaign 580,user580@example.com,31323,LATAM,2024-04-15
cmp-0581,Campaign 581,user581@example.com,31460,NA,2024-05-15
cmp-0582,Campaign 582,alan@example.com,31597,EU,2024-06-15
cmp-0583,Campaign 583,ada@example.com,31734,APAC,2024-07-15
cmp-0584,Campaign 584,user584@example.com,31871,LATAM,2024-08-15
cmp-0585,Campaign 585,user585@example.com,32008,NA,2024-09-15
cmp-0586,Campaign 586,user586@example.com,32145,EU,2024-10-15
cmp-0587,Campaign 587,user587@example.com,32282,APAC,2024-11-15
cmp-0588,Campaign 588,user588@example.com,32419,LATAM,2024-12-15
cmp-0589,Campaign 589,user589@example.com,32556,NA,2024-01-15
cmp-0590,Campaign 590,user590@example.com,32693,EU,2024-02-15
cmp-0591,Campaign 591,user591@example.com,32830,APAC,2024-03-15
cmp-0592,Campaign 592,user592@example.com,32967,LATAM,2024-04-15
cmp-0593,Campaign 593,user593@example.com,33104,NA,2024-05-15
cmp-0594,Campaign 594,user594@example.com,33241,EU,2024-06-15
cmp-0595,Campaign 595,user595@example.com,33378,APAC,2024-07-15
cmp-0596,Campaign 596,user596@example.com,33515,LATAM,2024-08-15
cmp-0597,Campaign 597,user597@example.com,33652,NA,2024-09-15
cmp-0598,Campaign 598,user598@example.com,33789,EU,2024-10-15
cmp-0599,Campaign 599,user599@example.com,33926,APAC,2024-11-15
cmp-0600,Campaign 600,user600@example.com,34063,LATAM,2024-12-15
cmp-0601,Campaign 601,user601@example.com,34200,NA,2024-01-15
cmp-0602,Campaign 602,user602@example.com,34337,EU,2024-02-15
cmp-0603,Campaign 603,user603@example.com,34474,APAC,2024-03-15
cmp-0604,Campaign 604,user604@example.com,34611,LATAM,2024-04-15
cmp-0605,Campaign 605,user605@example.com,34748,NA,2024-05-15
cmp-0606,Campaign 606,user606@example.com,34885,EU,2024-06-15
cmp-0607,Campaign 607,user607@example.com,35022,APAC,2024-07-15
cmp-0608,Campaign 608,user608@example.com,35159,LATAM,2024-08-15
cmp-0609,Campaign 609,user609@example.com,35296,NA,2024-09-15
cmp-0610,Campaign 610,user610@example.com,35433,EU,2024-10-15
cmp-0611,Campaign 611,user611@example.com,35570,APAC,2024-11-15
cmp-0612,Campaign 612,user612@example.com,35707,LATAM,2024-12-15
cmp-0613,Campaign 613,user613@example.com,35844,NA,2024-01-15
cmp-0614,Campaign 614,user614@example.com,35981,EU,2024-02-15
cmp-0615,Campaign 615,user615@example.com,36118,APAC,2024-03-15
cmp-0616,Campaign 616,user616@example.com,36255,LATAM,2024-04-15
cmp-0617,Campaign 617,user617@example.com,36392,NA,2024-05-15
cmp-0618,Campaign 618,user618@example.com,36529,EU,2024-06-15
cmp-0619,Campaign 619,user619@example.com,36666,APAC,2024-07-15
cmp-0620,Campaign 620,user620@example.com,36803,LATAM,2024-08-15
cmp-0621,Campaign 621,user621@example.com,36940,NA,2024-09-15
cmp-0622,Campaign 622,user622@example.com,37077,EU,2024-10-15
cmp-0623,Campaign 623,user623@example.com,37214,APAC,2024-11-15
cmp-0624,Campaign 624,grace@example.com,37351,LATAM,2024-12-15
cmp-0625,Campaign 625,user625@example.com,37488,NA,2024-01-15
cmp-0626,Campaign 626,user626@example.com,37625,EU,2024-02-15
cmp-0627,Campaign 627,user627@example.com,37762,APAC,2024-03-15
cmp-0628,Campaign 628,user628@example.com,37899,LATAM,2024-04-15
cmp-0629,Campaign 629,user629@example.com,38036,NA,2024-05-15
cmp-0630,Campaign 630,user630@example.com,38173,EU,2024-06-15
cmp-0631,Campaign 631,user631@example.com,38310,APAC,2024-07-15
cmp-0632,Campaign 632,user632@example.com,38447,LATAM,2024-08-15
cmp-0633,Campaign 633,user633@example.com,38584,NA,2024-09-15
cmp-0634,Campaign 634,user634@example.com,38721,EU,2024-10-15
cmp-0635,Campaign 635,user635@example.com,38858,APAC,2024-11-15
cmp-0636,Campaign 636,user636@example.com,38995,LATAM,2024-12-15
cmp-0637,Campaign 637,user637@example.com,39132,NA,2024-01-15
cmp-0638,Campaign 638,user638@example.com,39269,EU,2024-02-15
cmp-0639,Campaign 639,user639@example.com,39406,APAC,2024-03-15
cmp-0640,Campaign 640,user640@example.com,39543,LATAM,2024-04-15
cmp-0641,Campaign 641,user641@example.com,39680,NA,2024-05-15
cmp-0642,Campaign 642,user642@example.com,39817,EU,2024-06-15
cmp-0643,Campaign 643,user643@example.com,39954,APAC,2024-07-15
cmp-0644,Campaign 644,user644@example.com,40091,LATAM,2024-08-15
cmp-0645,Campaign 645,user645@example.com,40228,NA,2024-09-15
cmp-0646,Campaign 646,user646@example.com,40365,EU,2024-10-15
cmp-0647,Campaign 647,user647@example.com,40502,APAC,2024-11-15
cmp-0648,Campaign 648,user648@example.com,40639,LATAM,2024-12-15
cmp-0649,Campaign 649,user649@example.com,40776,NA,2024-01-15
cmp-0650,Campaign 650,user650@example.com,40913,EU,2024-02-15
cmp-0651,Campaign 651,user651@example.com,41050,APAC,2024-03-15
cmp-0652,Campaign 652,user652@example.com,41187,LATAM,2024-04-15
cmp-0653,Campaign 653,user653@example.com,41324,NA,2024-05-15
cmp-0654,Campaign 654,user654@example.com,41461,EU,2024-06-15
cmp-0655,Campaign 655,user655@example.com,41598,APAC,2024-07-15
cmp-0656,Campaign 656,user656@example.com,41735,LATAM,2024-08-15
cmp-0657,Campaign 657,user657@example.com,41872,NA,2024-09-15
cmp-0658,Campaign 658,user658@example.com,42009,EU,2024-10-15
cmp-0659,Campaign 659,user659@example.com,42146,APAC,2024-11-15
cmp-0660,Campaign 660,user660@example.com,42283,LATAM,2024-12-15
cmp-0661,Campaign 661,user661@example.com,42420,NA,2024-01-15
cmp-0662,Campaign 662,user662@example.com,42557,EU,2024-02-15
cmp-0663,Campaign 663,user663@example.com,42694,APAC,2024-03-15
cmp-0664,Campaign 664,user664@example.com,42831,LATAM,2024-04-15
cmp-0665,Campaign 665,alan@example.com,42968,NA,2024-05-15
cmp-0666,Campaign 666,user666@example.com,43105,EU,2024-06-15
cmp-0667,Campaign 667,user667@example.com,43242,APAC,2024-07-15
cmp-0668,Campaign 668,user668@example.com,43379,LATAM,2024-08-15
cmp-0669,Campaign 669,user669@example.com,43516,NA,2024-09-15
cmp-0670,Campaign 670,user670@example.com,43653,EU,2024-10-15
cmp-0671,Campaign 671,user671@example.com,43790,APAC,2024-11-15
cmp-0672,Campaign 672,user672@example.com,43927,LATAM,2024-12-15
cmp-0673,Campaign 673,user673@example.com,44064,NA,2024-01-15
cmp-0674,Campaign 674,user674@example.com,44201,EU,2024-02-15
cmp-0675,Campaign 675,user675@example.com,44338,APAC,2024-03-15
cmp-0676,Campaign 676,user676@example.com,44475,LATAM,2024-04-15
cmp-0677,Campaign 677,user677@example.com,44612,NA,2024-05-15
cmp-0678,Campaign 678,user678@example.com,44749,EU,2024-06-15
cmp-0679,Campaign 679,user679@example.com,44886,APAC,2024-07-15
cmp-0680,Campaign 680,ada@example.com,45023,LATAM,2024-08-15
cmp-0681,Campaign 681,user681@example.com,45160,NA,2024-09-15
cmp-0682,Campaign 682,user682@example.com,45297,EU,2024-10-15
cmp-0683,Campaign 683,user683@example.com,45434,APAC,2024-11-15
cmp-0684,Campaign 684,user684@example.com,45571,LATAM,2024-12-15
cmp-0685,Campaign 685,user685@example.com,45708,NA,2024-01-15
cmp-0686,Campaign 686,user686@example.com,45845,EU,2024-02-15
cmp-0687,Campaign 687,user687@example.com,45982,APAC,2024-03-15
cmp-0688,Campaign 688,user688@example.com,46119,LATAM,2024-04-15
cmp-0689,Campaign 689,user689@example.com,46256,NA,2024-05-15
cmp-0690,Campaign 690,user690@example.com,46393,EU,2024-06-15
cmp-0691,Campaign 691,user691@example.com,46530,APAC,2024-07-15
cmp-0692,Campaign 692,user692@example.com,46667,LATAM,2024-08-15
cmp-0693,Campaign 693,user693@example.com,46804,NA,2024-09-15
cmp-0694,Campaign 694,user694@example.com,46941,EU,2024-10-15
cmp-0695,Campaign 695,user695@example.com,47078,APAC,2024-11-15
cmp-0696,Campaign 696,user696@example.com,47215,LATAM,2024-12-15
cmp-0697,Campaign 697,user697@example.com,47352,NA,2024-01-15
cmp-0698,Campaign 698,user698@example.com,47489,EU,2024-02-15
cmp-0699,Campaign 699,user699@example.com,47626,APAC,2024-03-15
cmp-0700,Campaign 700,user700@example.com,47763,LATAM,2024-04-15
cmp-0701,Campaign 701,user701@example.com,47900,NA,2024-05-15
cmp-0702,Campaign 702,user702@example.com,48037,EU,2024-06-15
cmp-0703,Campaign 703,user703@example.com,48174,APAC,2024-07-15
cmp-0704,Campaign 704,user704@example.com,48311,LATAM,2024-08-15
cmp-0705,Campaign 705,user705@example.com,48448,NA,2024-09-15
cmp-0706,Campaign 706,user706@example.com,48585,EU,2024-10-15
cmp-0707,Campaign 707,user707@example.com,48722,APAC,2024-11-15
cmp-0708,Campaign 708,user708@example.com,48859,LATAM,2024-12-15
cmp-0709,Campaign 709,user709@example.com,48996,NA,2024-01-15
cmp-0710,Campaign 710,user710@example.com,49133,EU,2024-02-15
cmp-0711,Campaign 711,user711@example.com,49270,APAC,2024-03-15
cmp-0712,Campaign 712,user712@example.com,49407,LATAM,2024-04-15
cmp-0713,Campaign 713,grace@example.com,49544,NA,2024-05-15
cmp-0714,Campaign 714,user714@example.com,49681,EU,2024-06-15
cmp-0715,Campaign 715,user715@example.com,49818,APAC,2024-07-15
cmp-0716,Campaign 716,user716@example.com,49955,LATAM,2024-08-15
cmp-0717,Campaign 717,user717@example.com,1092,NA,2024-09-15
cmp-0718,Campaign 718,user718@example.com,1229,EU,2024-10-15
cmp-0719,Campaign 719,user719@example.com,1366,APAC,2024-11-15
cmp-0720,Campaign 720,user720@example.com,1503,LATAM,2024-12-15
cmp-0721,Campaign 721,user721@example.com,1640,NA,2024-01-15
cmp-0722,Campaign 722,user722@example.com,1777,EU,2024-02-15
cmp-0723,Campaign 723,user723@example.com,1914,APAC,2024-03-15
cmp-0724,Campaign 724,user724@example.com,2051,LATAM,2024-04-15
cmp-0725,Campaign 725,user725@example.com,2188,NA,2024-05-15
cmp-0726,Campaign 726,user726@example.com,2325,EU,2024-06-15
cmp-0727,Campaign 727,user727@example.com,2462,APAC,2024-07-15
cmp-0728,Campaign 728,user728@example.com,2599,LATAM,2024-08-15
cmp-0729,Campaign 729,user729@example.com,2736,NA,2024-09-15
cmp-0730,Campaign 730,user730@example.com,2873,EU,2024-10-15
cmp-0731,Campaign 731,user731@example.com,3010,APAC,2024-11-15
cmp-0732,Campaign 732,user732@example.com,3147,LATAM,2024-12-15
cmp-0733,Campaign 733,user733@example.com,3284,NA,2024-01-15
cmp-0734,Campaign 734,user734@example.com,3421,EU,2024-02-15
cmp-0735,Campaign 735,user735@example.com,3558,APAC,2024-03-15
cmp-0736,Campaign 736,user736@example.com,3695,LATAM,2024-04-15
cmp-0737,Campaign 737,user737@example.com,3832,NA,2024-05-15
cmp-0738,Campaign 738,user738@example.com,3969,EU,2024-06-15
cmp-0739,Campaign 739,user739@example.com,4106,APAC,2024-07-15
cmp-0740,Campaign 740,user740@example.com,4243,LATAM,2024-08-15
cmp-0741,Campaign 741,user741@example.com,4380,NA,2024-09-15
cmp-0742,Campaign 742,user742@example.com,4517,EU,2024-10-15
cmp-0743,Campaign 743,user743@example.com,4654,APAC,2024-11-15
cmp-0744,Campaign 744,user744@example.com,4791,LATAM,2024-12-15
cmp-0745,Campaign 745,user745@example.com,4928,NA,2024-01-15
cmp-0746,Campaign 746,user746@example.com,5065,EU,2024-02-15
cmp-0747,Campaign 747,user747@example.com,5202,APAC,2024-03-15
cmp-0748,Campaign 748,alan@example.com,5339,LATAM,2024-04-15
cmp-0749,Campaign 749,user749@example.com,5476,NA,2024-05-15
cmp-0750,Campaign 750,user750@example.com,5613,EU,2024-06-15
cmp-0751,Campaign 751,user751@example.com,5750,APAC,2024-07-15
cmp-0752,Campaign 752,user752@example.com,5887,LATAM,2024-08-15
cmp-0753,Campaign 753,user753@example.com,6024,NA,2024-09-15
cmp-0754,Campaign 754,user754@example.com,6161,EU,2024-10-15
cmp-0755,Campaign 755,user755@example.com,6298,APAC,2024-11-15
cmp-0756,Campaign 756,user756@example.com,6435,LATAM,2024-12-15
cmp-0757,Campaign 757,user757@example.com,6572,NA,2024-01-15
cmp-0758,Campaign 758,user758@example.com,6709,EU,2024-02-15
cmp-0759,Campaign 759,user759@example.com,6846,APAC,2024-03-15
cmp-0760,Campaign 760,user760@example.com,6983,LATAM,2024-04-15
cmp-0761,Campaign 761,user761@example.com,7120,NA,2024-05-15
cmp-0762,Campaign 762,user762@example.com,7257,EU,2024-06-15
cmp-0763,Campaign 763,user763@example.com,7394,APAC,2024-07-15
cmp-0764,Campaign 764,user764@example.com,7531,LATAM,2024-08-15
cmp-0765,Campaign 765,user765@example.com,7668,NA,2024-09-15
cmp-0766,Campaign 766,user766@example.com,7805,EU,2024-10-15
cmp-0767,Campaign 767,user767@example.com,7942,APAC,2024-11-15
cmp-0768,Campaign 768,user768@example.com,8079,LATAM,2024-12-15
cmp-0769,Campaign 769,user769@example.com,8216,NA,2024-01-15
cmp-0770,Campaign 770,user770@example.com,8353,EU,2024-02-15
cmp-0771,Campaign 771,user771@example.com,8490,APAC,2024-03-15
cmp-0772,Campaign 772,user772@example.com,8627,LATAM,2024-04-15
cmp-0773,Campaign 773,user773@example.com,8764,NA,2024-05-15
cmp-0774,Campaign 774,user774@example.com,8901,EU,2024-06-15
cmp-0775,Campaign 775,user775@example.com,9038,APAC,2024-07-15
cmp-0776,Campaign 776,user776@example.com,9175,LATAM,2024-08-15
cmp-0777,Campaign 777,ada@example.com,9312,NA,2024-09-15
cmp-0778,Campaign 778,user778@example.com,9449,EU,2024-10-15
cmp-0779,Campaign 779,user779@example.com,9586,APAC,2024-11-15
cmp-0780,Campaign 780,user780@example.com,9723,LATAM,2024-12-15
cmp-0781,Campaign 781,user781@example.com,9860,NA,2024-01-15
cmp-0782,Campaign 782,user782@example.com,9997,EU,2024-02-15
cmp-0783,Campaign 783,user783@example.com,10134,APAC,2024-03-15
cmp-0784,Campaign 784,user784@example.com,10271,LATAM,2024-04-15
cmp-0785,Campaign 785,user785@example.com,10408,NA,2024-05-15
cmp-0786,Campaign 786,user786@example.com,10545,EU,2024-06-15
cmp-0787,Campaign 787,user787@example.com,10682,APAC,2024-07-15
cmp-0788,Campaign 788,user788@example.com,10819,LATAM,2024-08-15
cmp-0789,Campaign 789,user789@example.com,10956,NA,2024-09-15
cmp-0790,Campaign 790,user790@example.com,11093,EU,2024-10-15
cmp-0791,Campaign 791,user791@example.com,11230,APAC,2024-11-15
cmp-0792,Campaign 792,user792@example.com,11367,LATAM,2024-12-15
cmp-0793,Campaign 793,user793@example.com,11504,NA,2024-01-15
cmp-0794,Campaign 794,user794@example.com,11641,EU,2024-02-15
cmp-0795,Campaign 795,user795@example.com,11778,APAC,2024-03-15
cmp-0796,Campaign 796,user796@example.com,11915,LATAM,2024-04-15
cmp-0797,Campaign 797,user797@example.com,12052,NA,2024-05-15
cmp-0798,Campaign 798,user798@example.com,12189,EU,2024-06-15
cmp-0799,Campaign 799,user799@example.com,12326,APAC,2024-07-15
cmp-0800,Campaign 800,user800@example.com,12463,LATAM,2024-08-15
cmp-0801,Campaign 801,user801@example.com,12600,NA,2024-09-15
cmp-0802,Campaign 802,grace@example.com,12737,EU,2024-10-15
cmp-0803,Campaign 803,user803@example.com,12874,APAC,2024-11-15
cmp-0804,Campaign 804,user804@example.com,13011,LATAM,2024-12-15
cmp-0805,Campaign 805,user805@example.com,13148,NA,2024-01-15
cmp-0806,Campaign 806,user806@example.com,13285,EU,2024-02-15
cmp-0807,Campaign 807,user807@example.com,13422,APAC,2024-03-15
cmp-0808,Campaign 808,user808@example.com,13559,LATAM,2024-04-15
cmp-0809,Campaign 809,user809@example.com,13696,NA,2024-05-15
cmp-0810,Campaign 810,user810@example.com,13833,EU,2024-06-15
cmp-0811,Campaign 811,user811@example.com,13970,APAC,2024-07-15
cmp-0812,Campaign 812,user812@example.com,14107,LATAM,2024-08-15
cmp-0813,Campaign 813,user813@example.com,14244,NA,2024-09-15
cmp-0814,Campaign 814,user814@example.com,14381,EU,2024-10-15
cmp-0815,Campaign 815,user815@example.com,14518,APAC,2024-11-15
cmp-0816,Campaign 816,user816@example.com,14655,LATAM,2024-12-15
cmp-0817,Campaign 817,user817@example.com,14792,NA,2024-01-15
cmp-0818,Campaign 818,user818@example.com,14929,EU,2024-02-15
cmp-0819,Campaign 819,user819@example.com,15066,APAC,2024-03-15
cmp-0820,Campaign 820,user820@example.com,15203,LATAM,2024-04-15
cmp-0821,Campaign 821,user821@example.com,15340,NA,2024-05-15
cmp-0822,Campaign 822,user822@example.com,15477,EU,2024-06-15
cmp-0823,Campaign 823,user823@example.com,15614,APAC,2024-07-15
cmp-0824,Campaign 824,user824@example.com,15751,LATAM,2024-08-15
cmp-0825,Campaign 825,user825@example.com,15888,NA,2024-09-15
cmp-0826,Campaign 826,user826@example.com,16025,EU,2024-10-15
cmp-0827,Campaign 827,user827@example.com,16162,APAC,2024-11-15
cmp-0828,Campaign 828,user828@example.com,16299,LATAM,2024-12-15
cmp-0829,Campaign 829,user829@example.com,16436,NA,2024-01-15
cmp-0830,Campaign 830,user830@example.com,16573,EU,2024-02-15
cmp-0831,Campaign 831,alan@example.com,16710,APAC,2024-03-15
cmp-0832,Campaign 832,user832@example.com,16847,LATAM,2024-04-15
cmp-0833,Campaign 833,user833@example.com,16984,NA,2024-05-15
cmp-0834,Campaign 834,user834@example.com,17121,EU,2024-06-15
cmp-0835,Campaign 835,user835@example.com,17258,APAC,2024-07-15
cmp-0836,Campaign 836,user836@example.com,17395,LATAM,2024-08-15
cmp-0837,Campaign 837,user837@example.com,17532,NA,2024-09-15
cmp-0838,Campaign 838,user838@example.com,17669,EU,2024-10-15
cmp-0839,Campaign 839,user839@example.com,17806,APAC,2024-11-15
cmp-0840,Campaign 840,user840@example.com,17943,LATAM,2024-12-15
cmp-0841,Campaign 841,user841@example.com,18080,NA,2024-01-15
cmp-0842,Campaign 842,user842@example.com,18217,EU,2024-02-15
cmp-0843,Campaign 843,user843@example.com,18354,APAC,2024-03-15
cmp-0844,Campaign 844,user844@example.com,18491,LATAM,2024-04-15
cmp-0845,Campaign 845,user845@example.com,18628,NA,2024-05-15
cmp-0846,Campaign 846,user846@example.com,18765,EU,2024-06-15
cmp-0847,Campaign 847,user847@example.com,18902,APAC,2024-07-15
cmp-0848,Campaign 848,user848@example.com,19039,LATAM,2024-08-15
cmp-0849,Campaign 849,user849@example.com,19176,NA,2024-09-15
cmp-0850,Campaign 850,user850@example.com,19313,EU,2024-10-15
cmp-0851,Campaign 851,user851@example.com,19450,APAC,2024-11-15
cmp-0852,Campaign 852,user852@example.com,19587,LATAM,2024-12-15
cmp-0853,Campaign 853,user853@example.com,19724,NA,2024-01-15
cmp-0854,Campaign 854,user854@example.com,19861,EU,2024-02-15
cmp-0855,Campaign 855,user855@example.com,19998,APAC,2024-03-15
cmp-0856,Campaign 856,user856@example.com,20135,LATAM,2024-04-15
cmp-0857,Campaign 857,user857@example.com,20272,NA,2024-05-15
cmp-0858,Campaign 858,user858@example.com,20409,EU,2024-06-15
cmp-0859,Campaign 859,user859@example.com,20546,APAC,2024-07-15
cmp-0860,Campaign 860,user860@example.com,20683,LATAM,2024-08-15
cmp-0861,Campaign 861,user861@example.com,20820,NA,2024-09-15
cmp-0862,Campaign 862,user862@example.com,20957,EU,2024-10-15
cmp-0863,Campaign 863,user863@example.com,21094,APAC,2024-11-15
cmp-0864,Campaign 864,user864@example.com,21231,LATAM,2024-12-15
cmp-0865,Campaign 865,user865@example.com,21368,NA,2024-01-15
cmp-0866,Campaign 866,user866@example.com,21505,EU,2024-02-15
cmp-0867,Campaign 867,user867@example.com,21642,APAC,2024-03-15
cmp-0868,Campaign 868,user868@example.com,21779,LATAM,2024-04-15
cmp-0869,Campaign 869,user869@example.com,21916,NA,2024-05-15
cmp-0870,Campaign 870,user870@example.com,22053,EU,2024-06-15
cmp-0871,Campaign 871,user871@example.com,22190,APAC,2024-07-15
cmp-0872,Campaign 872,user872@example.com,22327,LATAM,2024-08-15
cmp-0873,Campaign 873,user873@example.com,22464,NA,2024-09-15
cmp-0874,Campaign 874,ada@example.com,22601,EU,2024-10-15
cmp-0875,Campaign 875,user875@example.com,22738,APAC,2024-11-15
cmp-0876,Campaign 876,user876@example.com,22875,LATAM,2024-12-15
cmp-0877,Campaign 877,user877@example.com,23012,NA,2024-01-15
cmp-0878,Campaign 878,user878@example.com,23149,EU,2024-02-15
cmp-0879,Campaign 879,user879@example.com,23286,APAC,2024-03-15
cmp-0880,Campaign 880,user880@example.com,23423,LATAM,2024-04-15
cmp-0881,Campaign 881,user881@example.com,23560,NA,2024-05-15
cmp-0882,Campaign 882,user882@example.com,23697,EU,2024-06-15
cmp-0883,Campaign 883,user883@example.com,23834,APAC,2024-07-15
cmp-0884,Campaign 884,user884@example.com,23971,LATAM,2024-08-15
cmp-0885,Campaign 885,user885@example.com,24108,NA,2024-09-15
cmp-0886,Campaign 886,user886@example.com,24245,EU,2024-10-15
cmp-0887,Campaign 887,user887@example.com,24382,APAC,2024-11-15
cmp-0888,Campaign 888,user888@example.com,24519,LATAM,2024-12-15
cmp-0889,Campaign 889,user889@example.com,24656,NA,2024-01-15
cmp-0890,Campaign 890,user890@example.com,24793,EU,2024-02-15
cmp-0891,Campaign 891,grace@example.com,24930,APAC,2024-03-15
cmp-0892,Campaign 892,user892@example.com,25067,LATAM,2024-04-15
cmp-0893,Campaign 893,user893@example.com,25204,NA,2024-05-15
cmp-0894,Campaign 894,user894@example.com,25341,EU,2024-06-15
cmp-0895,Campaign 895,user895@example.com,25478,APAC,2024-07-15
cmp-0896,Campaign 896,user896@example.com,25615,LATAM,2024-08-15
cmp-0897,Campaign 897,user897@example.com,25752,NA,2024-09-15
cmp-0898,Campaign 898,user898@example.com,25889,EU,2024-10-15
cmp-0899,Campaign 899,user899@example.com,26026,APAC,2024-11-15
cmp-0900,Campaign 900,user900@example.com,26163,LATAM,2024-12-15
cmp-0901,Campaign 901,user901@example.com,26300,NA,2024-01-15
cmp-0902,Campaign 902,user902@example.com,26437,EU,2024-02-15
cmp-0903,Campaign 903,user903@example.com,26574,APAC,2024-03-15
cmp-0904,Campaign 904,user904@example.com,26711,LATAM,2024-04-15
cmp-0905,Campaign 905,user905@example.com,26848,NA,2024-05-15
cmp-0906,Campaign 906,user906@example.com,26985,EU,2024-06-15
cmp-0907,Campaign 907,user907@example.com,27122,APAC,2024-07-15
cmp-0908,Campaign 908,user908@example.com,27259,LATAM,2024-08-15
cmp-0909,Campaign 909,user909@example.com,27396,NA,2024-09-15
cmp-0910,Campaign 910,user910@example.com,27533,EU,2024-10-15
cmp-0911,Campaign 911,user911@example.com,27670,APAC,2024-11-15
cmp-0912,Campaign 912,user912@example.com,27807,LATAM,2024-12-15
cmp-0913,Campaign 913,user913@example.com,27944,NA,2024-01-15
cmp-0914,Campaign 914,alan@example.com,28081,EU,2024-02-15
cmp-0915,Campaign 915,user915@example.com,28218,APAC,2024-03-15
cmp-0916,Campaign 916,user916@example.com,28355,LATAM,2024-04-15
cmp-0917,Campaign 917,user917@example.com,28492,NA,2024-05-15
cmp-0918,Campaign 918,user918@example.com,28629,EU,2024-06-15
cmp-0919,Campaign 919,user919@example.com,28766,APAC,2024-07-15
cmp-0920,Campaign 920,user920@example.com,28903,LATAM,2024-08-15
cmp-0921,Campaign 921,user921@example.com,29040,NA,2024-09-15
cmp-0922,Campaign 922,user922@example.com,29177,EU,2024-10-15
cmp-0923,Campaign 923,user923@example.com,29314,APAC,2024-11-15
cmp-0924,Campaign 924,user924@example.com,29451,LATAM,2024-12-15
cmp-0925,Campaign 925,user925@example.com,29588,NA,2024-01-15
cmp-0926,Campaign 926,user926@example.com,29725,EU,2024-02-15
cmp-0927,Campaign 927,user927@example.com,29862,APAC,2024-03-15
cmp-0928,Campaign 928,user928@example.com,29999,LATAM,2024-04-15
cmp-0929,Campaign 929,user929@example.com,30136,NA,2024-05-15
cmp-0930,Campaign 930,user930@example.com,30273,EU,2024-06-15
cmp-0931,Campaign 931,user931@example.com,30410,APAC,2024-07-15
cmp-0932,Campaign 932,user932@example.com,30547,LATAM,2024-08-15
cmp-0933,Campaign 933,user933@example.com,30684,NA,2024-09-15
cmp-0934,Campaign 934,user934@example.com,30821,EU,2024-10-15
cmp-0935,Campaign 935,user935@example.com,30958,APAC,2024-11-15
cmp-0936,Campaign 936,user936@example.com,31095,LATAM,2024-12-15
cmp-0937,Campaign 937,user937@example.com,31232,NA,2024-01-15
cmp-0938,Campaign 938,user938@example.com,31369,EU,2024-02-15
cmp-0939,Campaign 939,user939@example.com,31506,APAC,2024-03-15
cmp-0940,Campaign 940,user940@example.com,31643,LATAM,2024-04-15
cmp-0941,Campaign 941,user941@example.com,31780,NA,2024-05-15
cmp-0942,Campaign 942,user942@example.com,31917,EU,2024-06-15
cmp-0943,Campaign 943,user943@example.com,32054,APAC,2024-07-15
cmp-0944,Campaign 944,user944@example.com,32191,LATAM,2024-08-15
cmp-0945,Campaign 945,user945@example.com,32328,NA,2024-09-15
cmp-0946,Campaign 946,user946@example.com,32465,EU,2024-10-15
cmp-0947,Campaign 947,user947@example.com,32602,APAC,2024-11-15
cmp-0948,Campaign 948,user948@example.com,32739,LATAM,2024-12-15
cmp-0949,Campaign 949,user949@example.com,32876,NA,2024-01-15
cmp-0950,Campaign 950,user950@example.com,33013,EU,2024-02-15
cmp-0951,Campaign 951,user951@example.com,33150,APAC,2024-03-15
cmp-0952,Campaign 952,user952@example.com,33287,LATAM,2024-04-15
cmp-0953,Campaign 953,user953@example.com,33424,NA,2024-05-15
cmp-0954,Campaign 954,user954@example.com,33561,EU,2024-06-15
cmp-0955,Campaign 955,user955@example.com,33698,APAC,2024-07-15
cmp-0956,Campaign 956,user956@example.com,33835,LATAM,2024-08-15
cmp-0957,Campaign 957,user957@example.com,33972,NA,2024-09-15
cmp-0958,Campaign 958,user958@example.com,34109,EU,2024-10-15
cmp-0959,Campaign 959,user959@example.com,34246,APAC,2024-11-15
cmp-0960,Campaign 960,user960@example.com,34383,LATAM,2024-12-15
cmp-0961,Campaign 961,user961@example.com,34520,NA,2024-01-15
cmp-0962,Campaign 962,user962@example.com,34657,EU,2024-02-15
cmp-0963,Campaign 963,user963@example.com,34794,APAC,2024-03-15
cmp-0964,Campaign 964,user964@example.com,34931,LATAM,2024-04-15
cmp-0965,Campaign 965,user965@example.com,35068,NA,2024-05-15
cmp-0966,Campaign 966,user966@example.com,35205,EU,2024-06-15
cmp-0967,Campaign 967,user967@example.com,35342,APAC,2024-07-15
cmp-0968,Campaign 968,user968@example.com,35479,LATAM,2024-08-15
cmp-0969,Campaign 969,user969@example.com,35616,NA,2024-09-15
cmp-0970,Campaign 970,user970@example.com,35753,EU,2024-10-15
cmp-0971,Campaign 971,ada@example.com,35890,APAC,2024-11-15
cmp-0972,Campaign 972,user972@example.com,36027,LATAM,2024-12-15
cmp-0973,Campaign 973,user973@example.com,36164,NA,2024-01-15
cmp-0974,Campaign 974,user974@example.com,36301,EU,2024-02-15
cmp-0975,Campaign 975,user975@example.com,36438,APAC,2024-03-15
cmp-0976,Campaign 976,user976@example.com,36575,LATAM,2024-04-15
cmp-0977,Campaign 977,user977@example.com,36712,NA,2024-05-15
cmp-0978,Campaign 978,user978@example.com,36849,EU,2024-06-15
cmp-0979,Campaign 979,user979@example.com,36986,APAC,2024-07-15
cmp-0980,Campaign 980,grace@example.com,37123,LATAM,2024-08-15
cmp-0981,Campaign 981,user981@example.com,37260,NA,2024-09-15
cmp-0982,Campaign 982,user982@example.com,37397,EU,2024-10-15
cmp-0983,Campaign 983,user983@example.com,37534,APAC,2024-11-15
cmp-0984,Campaign 984,user984@example.com,37671,LATAM,2024-12-15
cmp-0985,Campaign 985,user985@example.com,37808,NA,2024-01-15
cmp-0986,Campaign 986,user986@example.com,37945,EU,2024-02-15
cmp-0987,Campaign 987,user987@example.com,38082,APAC,2024-03-15
cmp-0988,Campaign 988,user988@example.com,38219,LATAM,2024-04-15
cmp-0989,Campaign 989,user989@example.com,38356,NA,2024-05-15
cmp-0990,Campaign 990,user990@example.com,38493,EU,2024-06-15
cmp-0991,Campaign 991,user991@example.com,38630,APAC,2024-07-15
cmp-0992,Campaign 992,user992@example.com,38767,LATAM,2024-08-15
cmp-0993,Campaign 993,user993@example.com,38904,NA,2024-09-15
cmp-0994,Campaign 994,user994@example.com,39041,EU,2024-10-15
cmp-0995,Campaign 995,user995@example.com,39178,APAC,2024-11-15
cmp-0996,Campaign 996,user996@example.com,39315,LATAM,2024-12-15
cmp-0997,Campaign 997,alan@example.com,39452,NA,2024-01-15
cmp-0998,Campaign 998,user998@example.com,39589,EU,2024-02-15
cmp-0999,Campaign 999,user999@example.com,39726,APAC,2024-03-15
cmp-1000,Campaign 1000,user1000@example.com,39863,LATAM,2024-04-15