lead_id,email,campaign_id,status,score,created_at
L-0001,user12@example.com,cmp-0001,open,0,2024-03-01
L-0002,user13@example.com,cmp-0004,qualified,13,2024-03-02
L-0003,user14@example.com,cmp-0007,won,26,2024-03-03
L-0004,user15@example.com,cmp-0010,lost,39,2024-03-04
L-0005,user16@example.com,cmp-0013,open,52,2024-03-05
L-0006,user17@example.com,cmp-0016,qualified,65,2024-03-06
L-0007,user18@example.com,cmp-0019,won,78,2024-03-07
L-0008,user19@example.com,cmp-0022,lost,91,2024-03-08
L-0009,user20@example.com,cmp-0025,open,4,2024-03-09
L-0010,user21@example.com,cmp-0028,qualified,17,2024-03-10
L-0011,user22@example.com,cmp-0031,won,30,2024-03-11
L-0012,user23@example.com,cmp-0034,lost,43,2024-03-12
L-0013,user24@example.com,cmp-0037,open,56,2024-03-13
L-0014,user25@example.com,cmp-0040,qualified,69,2024-03-14
L-0015,user26@example.com,cmp-0043,won,82,2024-03-15
L-0016,user27@example.com,cmp-0046,lost,95,2024-03-16
L-0017,user28@example.com,cmp-0049,open,8,2024-03-17
L-0018,user29@example.com,cmp-0052,qualified,21,2024-03-18
L-0019,user30@example.com,cmp-0055,won,34,2024-03-19
L-0020,user31@example.com,cmp-0058,lost,47,2024-03-20
L-0021,user32@example.com,cmp-0061,open,60,2024-03-21
L-0022,user33@example.com,cmp-0064,qualified,73,2024-03-22
L-0023,user34@example.com,cmp-0067,won,86,2024-03-23
L-0024,user35@example.com,cmp-0070,lost,99,2024-03-24
L-0025,user36@example.com,cmp-0073,open,12,2024-03-25
L-0026,user37@example.com,cmp-0076,qualified,25,2024-03-26
L-0027,user38@example.com,cmp-0079,won,38,2024-03-27
L-0028,user39@example.com,cmp-0082,lost,51,2024-03-28
L-0029,user40@example.com,cmp-0085,open,64,2024-03-01
L-0030,user41@example.com,cmp-0088,qualified,77,2024-03-02
L-0031,user42@example.com,cmp-0091,won,90,2024-03-03
L-0032,user43@example.com,cmp-0094,lost,3,2024-03-04
L-0033,user44@example.com,cmp-0097,open,16,2024-03-05
L-0034,user45@example.com,cmp-0100,qualified,29,2024-03-06
L-0035,user46@example.com,cmp-0103,won,42,2024-03-07
L-0036,user47@example.com,cmp-0106,lost,55,2024-03-08
L-0037,user48@example.com,cmp-0109,open,68,2024-03-09
L-0038,user49@example.com,cmp-0112,qualified,81,2024-03-10
L-0039,user50@example.com,cmp-0115,won,94,2024-03-11
L-0040,user51@example.com,cmp-0118,lost,7,2024-03-12
L-0041,user52@example.com,cmp-0121,open,20,2024-03-13
L-0042,user53@example.com,cmp-0124,qualified,33,2024-03-14
L-0043,user54@example.com,cmp-0127,won,46,2024-03-15
L-0044,user55@example.com,cmp-0130,lost,59,2024-03-16
L-0045,user56@example.com,cmp-0133,open,72,2024-03-17
L-0046,user57@example.com,cmp-0136,qualified,85,2024-03-18
L-0047,user58@example.com,cmp-0139,won,98,2024-03-19
L-0048,user59@example.com,cmp-0142,lost,11,2024-03-20
L-0049,user60@example.com,cmp-0145,open,24,2024-03-21
L-0050,user61@example.com,cmp-0148,qualified,37,2024-03-22
L-0051,user62@example.com,cmp-0151,won,50,2024-03-23
L-0052,user63@example.com,cmp-0154,lost,63,2024-03-24
L-0053,user64@example.com,cmp-0157,open,76,2024-03-25
L-0054,user65@example.com,cmp-0160,qualified,89,2024-03-26
L-0055,user66@example.com,cmp-0163,won,2,2024-03-27
L-0056,user67@example.com,cmp-0166,lost,15,2024-03-28
L-0057,user68@example.com,cmp-0169,open,28,2024-03-01
L-0058,user69@example.com,cmp-0172,qualified,41,2024-03-02
L-0059,user70@example.com,cmp-0175,won,54,2024-03-03
L-0060,user71@example.com,cmp-0178,lost,67,2024-03-04
L-0061,user72@example.com,cmp-0181,open,80,2024-03-05
L-0062,user73@example.com,cmp-0184,qualified,93,2024-03-06
L-0063,user74@example.com,cmp-0187,won,6,2024-03-07
L-0064,user75@example.com,cmp-0190,lost,19,2024-03-08
L-0065,user76@example.com,cmp-0193,open,32,2024-03-09
L-0066,user77@example.com,cmp-0196,qualified,45,2024-03-10
L-0067,user78@example.com,cmp-0199,won,58,2024-03-11
L-0068,user79@example.com,cmp-0202,lost,71,2024-03-12
L-0069,user80@example.com,cmp-0205,open,84,2024-03-13
L-0070,user81@example.com,cmp-0208,qualified,97,2024-03-14
L-0071,user82@example.com,cmp-0211,won,10,2024-03-15
L-0072,user83@example.com,cmp-0214,lost,23,2024-03-16
L-0073,alan@example.com,cmp-0217,open,36,2024-03-17
L-0074,user85@example.com,cmp-0220,qualified,49,2024-03-18
L-0075,user86@example.com,cmp-0223,won,62,2024-03-19
L-0076,user87@example.com,cmp-0226,lost,75,2024-03-20
L-0077,user88@example.com,cmp-0229,open,88,2024-03-21
L-0078,user89@example.com,cmp-0232,qualified,1,2024-03-22
L-0079,grace@example.com,cmp-0235,won,14,2024-03-23
L-0080,user91@example.com,cmp-0238,lost,27,2024-03-24
L-0081,user92@example.com,cmp-0241,open,40,2024-03-25
L-0082,user93@example.com,cmp-0244,qualified,53,2024-03-26
L-0083,user94@example.com,cmp-0247,won,66,2024-03-27
L-0084,user95@example.com,cmp-0250,lost,79,2024-03-28
L-0085,user96@example.com,cmp-0253,open,92,2024-03-01
L-0086,user97@example.com,cmp-0256,qualified,5,2024-03-02
L-0087,ada@example.com,cmp-0259,won,18,2024-03-03
L-0088,user99@example.com,cmp-0262,lost,31,2024-03-04
L-0089,user100@example.com,cmp-0265,open,44,2024-03-05
L-0090,user101@example.com,cmp-0268,qualified,57,2024-03-06
L-0091,user102@example.com,cmp-0271,won,70,2024-03-07
L-0092,user103@example.com,cmp-0274,lost,83,2024-03-08
L-0093,user104@example.com,cmp-0277,open,96,2024-03-09
L-0094,user105@example.com,cmp-0280,qualified,9,2024-03-10
L-0095,user106@example.com,cmp-0283,won,22,2024-03-11
L-0096,user107@example.com,cmp-0286,lost,35,2024-03-12
L-0097,user108@example.com,cmp-0289,open,48,2024-03-13
L-0098,user109@example.com,cmp-0292,qualified,61,2024-03-14
L-0099,user110@example.com,cmp-0295,won,74,2024-03-15
L-0100,user111@example.com,cmp-0298,lost,87,2024-03-16
L-0101,user112@example.com,cmp-0301,open,0,2024-03-17
L-0102,user113@example.com,cmp-0304,qualified,13,2024-03-18
L-0103,user114@example.com,cmp-0307,won,26,2024-03-19
L-0104,user115@example.com,cmp-0310,lost,39,2024-03-20
L-0105,user116@example.com,cmp-0313,open,52,2024-03-21
L-0106,user117@example.com,cmp-0316,qualified,65,2024-03-22
L-0107,user118@example.com,cmp-0319,won,78,2024-03-23
L-0108,user119@example.com,cmp-0322,lost,91,2024-03-24
L-0109,user120@example.com,cmp-0325,open,4,2024-03-25
L-0110,user121@example.com,cmp-0328,qualified,17,2024-03-26
L-0111,user122@example.com,cmp-0331,won,30,2024-03-27
L-0112,user123@example.com,cmp-0334,lost,43,2024-03-28
L-0113,user124@example.com,cmp-0337,open,56,2024-03-01
L-0114,user125@example.com,cmp-0340,qualified,69,2024-03-02
L-0115,user126@example.com,cmp-0343,won,82,2024-03-03
L-0116,user127@example.com,cmp-0346,lost,95,2024-03-04
L-0117,user128@example.com,cmp-0349,open,8,2024-03-05
L-0118,user129@example.com,cmp-0352,qualified,21,2024-03-06
L-0119,user130@example.com,cmp-0355,won,34,2024-03-07
L-0120,user131@example.com,cmp-0358,lost,47,2024-03-08
L-0121,user132@example.com,cmp-0361,open,60,2024-03-09
L-0122,user133@example.com,cmp-0364,qualified,73,2024-03-10
L-0123,user134@example.com,cmp-0367,won,86,2024-03-11
L-0124,user135@example.com,cmp-0370,lost,99,2024-03-12
L-0125,user136@example.com,cmp-0373,open,12,2024-03-13
L-0126,user137@example.com,cmp-0376,qualified,25,2024-03-14
L-0127,user138@example.com,cmp-0379,won,38,2024-03-15
L-0128,user139@example.com,cmp-0382,lost,51,2024-03-16
L-0129,user140@example.com,cmp-0385,open,64,2024-03-17
L-0130,user141@example.com,cmp-0388,qualified,77,2024-03-18
L-0131,user142@example.com,cmp-0391,won,90,2024-03-19
L-0132,user143@example.com,cmp-0394,lost,3,2024-03-20
L-0133,user144@example.com,cmp-0397,open,16,2024-03-21
L-0134,user145@example.com,cmp-0400,qualified,29,2024-03-22
L-0135,user146@example.com,cmp-0403,won,42,2024-03-23
L-0136,user147@example.com,cmp-0406,lost,55,2024-03-24
L-0137,user148@example.com,cmp-0409,open,68,2024-03-25
L-0138,user149@example.com,cmp-0412,qualified,81,2024-03-26
L-0139,user150@example.com,cmp-0415,won,94,2024-03-27
L-0140,user151@example.com,cmp-0418,lost,7,2024-03-28
L-0141,user152@example.com,cmp-0421,open,20,2024-03-01
L-0142,user153@example.com,cmp-0424,qualified,33,2024-03-02
L-0143,user154@example.com,cmp-0427,won,46,2024-03-03
L-0144,user155@example.com,cmp-0430,lost,59,2024-03-04
L-0145,user156@example.com,cmp-0433,open,72,2024-03-05
L-0146,user157@example.com,cmp-0436,qualified,85,2024-03-06
L-0147,user158@example.com,cmp-0439,won,98,2024-03-07
L-0148,user159@example.com,cmp-0442,lost,11,2024-03-08
L-0149,user160@example.com,cmp-0445,open,24,2024-03-09
L-0150,user161@example.com,cmp-0448,qualified,37,2024-03-10
L-0151,user162@example.com,cmp-0451,won,50,2024-03-11
L-0152,user163@example.com,cmp-0454,lost,63,2024-03-12
L-0153,user164@example.com,cmp-0457,open,76,2024-03-13
L-0154,user165@example.com,cmp-0460,qualified,89,2024-03-14
L-0155,user166@example.com,cmp-0463,won,2,2024-03-15
L-0156,alan@example.com,cmp-0466,lost,15,2024-03-16
L-0157,user168@example.com,cmp-0469,open,28,2024-03-17
L-0158,user169@example.com,cmp-0472,qualified,41,2024-03-18
L-0159,user170@example.com,cmp-0475,won,54,2024-03-19
L-0160,user171@example.com,cmp-0478,lost,67,2024-03-20
L-0161,user172@example.com,cmp-0481,open,80,2024-03-21
L-0162,user173@example.com,cmp-0484,qualified,93,2024-03-22
L-0163,user174@example.com,cmp-0487,won,6,2024-03-23
L-0164,user175@example.com,cmp-0490,lost,19,2024-03-24
L-0165,user176@example.com,cmp-0493,open,32,2024-03-25
L-0166,user177@example.com,cmp-0496,qualified,45,2024-03-26
L-0167,user178@example.com,cmp-0499,won,58,2024-03-27
L-0168,grace@example.com,cmp-0502,lost,71,2024-03-28
L-0169,user180@example.com,cmp-0505,open,84,2024-03-01
L-0170,user181@example.com,cmp-0508,qualified,97,2024-03-02
L-0171,user182@example.com,cmp-0511,won,10,2024-03-03
L-0172,user183@example.com,cmp-0514,lost,23,2024-03-04
L-0173,user184@example.com,cmp-0517,open,36,2024-03-05
L-0174,user185@example.com,cmp-0520,qualified,49,2024-03-06
L-0175,user186@example.com,cmp-0523,won,62,2024-03-07
L-0176,user187@example.com,cmp-0526,lost,75,2024-03-08
L-0177,user188@example.com,cmp-0529,open,88,2024-03-09
L-0178,user189@example.com,cmp-0532,qualified,1,2024-03-10
L-0179,user190@example.com,cmp-0535,won,14,2024-03-11
L-0180,user191@example.com,cmp-0538,lost,27,2024-03-12
L-0181,user192@example.com,cmp-0541,open,40,2024-03-13
L-0182,user193@example.com,cmp-0544,qualified,53,2024-03-14
L-0183,user194@example.com,cmp-0547,won,66,2024-03-15
L-0184,ada@example.com,cmp-0550,lost,79,2024-03-16
L-0185,user196@example.com,cmp-0553,open,92,2024-03-17
L-0186,user197@example.com,cmp-0556,qualified,5,2024-03-18
L-0187,user198@example.com,cmp-0559,won,18,2024-03-19
L-0188,user199@example.com,cmp-0562,lost,31,2024-03-20
L-0189,user200@example.com,cmp-0565,open,44,2024-03-21
L-0190,user201@example.com,cmp-0568,qualified,57,2024-03-22
L-0191,user202@example.com,cmp-0571,won,70,2024-03-23
L-0192,user203@example.com,cmp-0574,lost,83,2024-03-24
L-0193,user204@example.com,cmp-0577,open,96,2024-03-25
L-0194,user205@example.com,cmp-0580,qualified,9,2024-03-26
L-0195,user206@example.com,cmp-0583,won,22,2024-03-27
L-0196,user207@example.com,cmp-0586,lost,35,2024-03-28
L-0197,user208@example.com,cmp-0589,open,48,2024-03-01
L-0198,user209@example.com,cmp-0592,qualified,61,2024-03-02
L-0199,user210@example.com,cmp-0595,won,74,2024-03-03
L-0200,user211@example.com,cmp-0598,lost,87,2024-03-04
L-0201,user212@example.com,cmp-0601,open,0,2024-03-05
L-0202,user213@example.com,cmp-0604,qualified,13,2024-03-06
L-0203,user214@example.com,cmp-0607,won,26,2024-03-07
L-0204,user215@example.com,cmp-0610,lost,39,2024-03-08
L-0205,user216@example.com,cmp-0613,open,52,2024-03-09
L-0206,user217@example.com,cmp-0616,qualified,65,2024-03-10
L-0207,user218@example.com,cmp-0619,won,78,2024-03-11
L-0208,user219@example.com,cmp-0622,lost,91,2024-03-12
L-0209,user220@example.com,cmp-0625,open,4,2024-03-13
L-0210,user221@example.com,cmp-0628,qualified,17,2024-03-14
L-0211,user222@example.com,cmp-0631,won,30,2024-03-15
L-0212,user223@example.com,cmp-0634,lost,43,2024-03-16
L-0213,user224@example.com,cmp-0637,open,56,2024-03-17
L-0214,user225@example.com,cmp-0640,qualified,69,2024-03-18
L-0215,user226@example.com,cmp-0643,won,82,2024-03-19
L-0216,user227@example.com,cmp-0646,lost,95,2024-03-20
L-0217,user228@example.com,cmp-0649,open,8,2024-03-21
L-0218,user229@example.com,cmp-0652,qualified,21,2024-03-22
L-0219,user230@example.com,cmp-0655,won,34,2024-03-23
L-0220,user231@example.com,cmp-0658,lost,47,2024-03-24
L-0221,user232@example.com,cmp-0661,open,60,2024-03-25
L-0222,user233@example.com,cmp-0664,qualified,73,2024-03-26
L-0223,user234@example.com,cmp-0667,won,86,2024-03-27
L-0224,user235@example.com,cmp-0670,lost,99,2024-03-28
L-0225,user236@example.com,cmp-0673,open,12,2024-03-01
L-0226,user237@example.com,cmp-0676,qualified,25,2024-03-02
L-0227,user238@example.com,cmp-0679,won,38,2024-03-03
L-0228,user239@example.com,cmp-0682,lost,51,2024-03-04
L-0229,user240@example.com,cmp-0685,open,64,2024-03-05
L-0230,user241@example.com,cmp-0688,qualified,77,2024-03-06
L-0231,user242@example.com,cmp-0691,won,90,2024-03-07
L-0232,user243@example.com,cmp-0694,lost,3,2024-03-08
L-0233,user244@example.com,cmp-0697,open,16,2024-03-09
L-0234,user245@example.com,cmp-0700,qualified,29,2024-03-10
L-0235,user246@example.com,cmp-0703,won,42,2024-03-11
L-0236,user247@example.com,cmp-0706,lost,55,2024-03-12
L-0237,user248@example.com,cmp-0709,open,68,2024-03-13
L-0238,user249@example.com,cmp-0712,qualified,81,2024-03-14
L-0239,alan@example.com,cmp-0715,won,94,2024-03-15
L-0240,user251@example.com,cmp-0718,lost,7,2024-03-16
L-0241,user252@example.com,cmp-0721,open,20,2024-03-17
L-0242,user253@example.com,cmp-0724,qualified,33,2024-03-18
L-0243,user254@example.com,cmp-0727,won,46,2024-03-19
L-0244,user255@example.com,cmp-0730,lost,59,2024-03-20
L-0245,user256@example.com,cmp-0733,open,72,2024-03-21
L-0246,user257@example.com,cmp-0736,qualified,85,2024-03-22
L-0247,user258@example.com,cmp-0739,won,98,2024-03-23
L-0248,user259@example.com,cmp-0742,lost,11,2024-03-24
L-0249,user260@example.com,cmp-0745,open,24,2024-03-25
L-0250,user261@example.com,cmp-0748,qualified,37,2024-03-26
L-0251,user262@example.com,cmp-0751,won,50,2024-03-27
L-0252,user263@example.com,cmp-0754,lost,63,2024-03-28
L-0253,user264@example.com,cmp-0757,open,76,2024-03-01
L-0254,user265@example.com,cmp-0760,qualified,89,2024-03-02
L-0255,user266@example.com,cmp-0763,won,2,2024-03-03
L-0256,user267@example.com,cmp-0766,lost,15,2024-03-04
L-0257,grace@example.com,cmp-0769,open,28,2024-03-05
L-0258,user269@example.com,cmp-0772,qualified,41,2024-03-06
L-0259,user270@example.com,cmp-0775,won,54,2024-03-07
L-0260,user271@example.com,cmp-0778,lost,67,2024-03-08
L-0261,user272@example.com,cmp-0781,open,80,2024-03-09
L-0262,user273@example.com,cmp-0784,qualified,93,2024-03-10
L-0263,user274@example.com,cmp-0787,won,6,2024-03-11
L-0264,user275@example.com,cmp-0790,lost,19,2024-03-12
L-0265,user276@example.com,cmp-0793,open,32,2024-03-13
L-0266,user277@example.com,cmp-0796,qualified,45,2024-03-14
L-0267,user278@example.com,cmp-0799,won,58,2024-03-15
L-0268,user279@example.com,cmp-0802,lost,71,2024-03-16
L-0269,user280@example.com,cmp-0805,open,84,2024-03-17
L-0270,user281@example.com,cmp-0808,qualified,97,2024-03-18
L-0271,user282@example.com,cmp-0811,won,10,2024-03-19
L-0272,user283@example.com,cmp-0814,lost,23,2024-03-20
L-0273,user284@example.com,cmp-0817,open,36,2024-03-21
L-0274,user285@example.com,cmp-0820,qualified,49,2024-03-22
L-0275,user286@example.com,cmp-0823,won,62,2024-03-23
L-0276,user287@example.com,cmp-0826,lost,75,2024-03-24
L-0277,user288@example.com,cmp-0829,open,88,2024-03-25
L-0278,user289@example.com,cmp-0832,qualified,1,2024-03-26
L-0279,user290@example.com,cmp-0835,won,14,2024-03-27
L-0280,user291@example.com,cmp-0838,lost,27,2024-03-28
L-0281,ada@example.com,cmp-0841,open,40,2024-03-01
L-0282,user293@example.com,cmp-0844,qualified,53,2024-03-02
L-0283,user294@example.com,cmp-0847,won,66,2024-03-03
L-0284,user295@example.com,cmp-0850,lost,79,2024-03-04
L-0285,user296@example.com,cmp-0853,open,92,2024-03-05
L-0286,user297@example.com,cmp-0856,qualified,5,2024-03-06
L-0287,user298@example.com,cmp-0859,won,18,2024-03-07
L-0288,user299@example.com,cmp-0862,lost,31,2024-03-08
L-0289,user300@example.com,cmp-0865,open,44,2024-03-09
L-0290,user301@example.com,cmp-0868,qualified,57,2024-03-10
L-0291,user302@example.com,cmp-0871,won,70,2024-03-11
L-0292,user303@example.com,cmp-0874,lost,83,2024-03-12
L-0293,user304@example.com,cmp-0877,open,96,2024-03-13
L-0294,user305@example.com,cmp-0880,qualified,9,2024-03-14
L-0295,user306@example.com,cmp-0883,won,22,2024-03-15
L-0296,user307@example.com,cmp-0886,lost,35,2024-03-16
L-0297,user308@example.com,cmp-0889,open,48,2024-03-17
L-0298,user309@example.com,cmp-0892,qualified,61,2024-03-18
L-0299,user310@example.com,cmp-0895,won,74,2024-03-19
L-0300,user311@example.com,cmp-0898,lost,87,2024-03-20
L-0301,user312@example.com,cmp-0901,open,0,2024-03-21
L-0302,user313@example.com,cmp-0904,qualified,13,2024-03-22
L-0303,user314@example.com,cmp-0907,won,26,2024-03-23
L-0304,user315@example.com,cmp-0910,lost,39,2024-03-24
L-0305,user316@example.com,cmp-0913,open,52,2024-03-25
L-0306,user317@example.com,cmp-0916,qualified,65,2024-03-26
L-0307,user318@example.com,cmp-0919,won,78,2024-03-27
L-0308,user319@example.com,cmp-0922,lost,91,2024-03-28
L-0309,user320@example.com,cmp-0925,open,4,2024-03-01
L-0310,user321@example.com,cmp-0928,qualified,17,2024-03-02
L-0311,user322@example.com,cmp-0931,won,30,2024-03-03
L-0312,user323@example.com,cmp-0934,lost,43,2024-03-04
L-0313,user324@example.com,cmp-0937,open,56,2024-03-05
L-0314,user325@example.com,cmp-0940,qualified,69,2024-03-06
L-0315,user326@example.com,cmp-0943,won,82,2024-03-07
L-0316,user327@example.com,cmp-0946,lost,95,2024-03-08
L-0317,user328@example.com,cmp-0949,open,8,2024-03-09
L-0318,user329@example.com,cmp-0952,qualified,21,2024-03-10
L-0319,user330@example.com,cmp-0955,won,34,2024-03-11
L-0320,user331@example.com,cmp-0958,lost,47,2024-03-12
L-0321,user332@example.com,cmp-0961,open,60,2024-03-13
L-0322,alan@example.com,cmp-0964,qualified,73,2024-03-14
L-0323,user334@example.com,cmp-0967,won,86,2024-03-15
L-0324,user335@example.com,cmp-0970,lost,99,2024-03-16
L-0325,user336@example.com,cmp-0973,open,12,2024-03-17
L-0326,user337@example.com,cmp-0976,qualified,25,2024-03-18
L-0327,user338@example.com,cmp-0979,won,38,2024-03-19
L-0328,user339@example.com,cmp-0982,lost,51,2024-03-20
L-0329,user340@example.com,cmp-0985,open,64,2024-03-21
L-0330,user341@example.com,cmp-0988,qualified,77,2024-03-22
L-0331,user342@example.com,cmp-0991,won,90,2024-03-23
L-0332,user343@example.com,cmp-0994,lost,3,2024-03-24
L-0333,user344@example.com,cmp-0997,open,16,2024-03-25
L-0334,user345@example.com,cmp-1000,qualified,29,2024-03-26
L-0335,user346@example.com,cmp-0003,won,42,2024-03-27
L-0336,user347@example.com,cmp-0006,lost,55,2024-03-28
L-0337,user348@example.com,cmp-0009,open,68,2024-03-01
L-0338,user349@example.com,cmp-0012,qualified,81,2024-03-02
L-0339,user350@example.com,cmp-0015,won,94,2024-03-03
L-0340,user351@example.com,cmp-0018,lost,7,2024-03-04
L-0341,user352@example.com,cmp-0021,open,20,2024-03-05
L-0342,user353@example.com,cmp-0024,qualified,33,2024-03-06
L-0343,user354@example.com,cmp-0027,won,46,2024-03-07
L-0344,user355@example.com,cmp-0030,lost,59,2024-03-08
L-0345,user356@example.com,cmp-0033,open,72,2024-03-09
L-0346,grace@example.com,cmp-0036,qualified,85,2024-03-10
L-0347,user358@example.com,cmp-0039,won,98,2024-03-11
L-0348,user359@example.com,cmp-0042,lost,11,2024-03-12
L-0349,user360@example.com,cmp-0045,open,24,2024-03-13
L-0350,user361@example.com,cmp-0048,qualified,37,2024-03-14
L-0351,user362@example.com,cmp-0051,won,50,2024-03-15
L-0352,user363@example.com,cmp-0054,lost,63,2024-03-16
L-0353,user364@example.com,cmp-0057,open,76,2024-03-17
L-0354,user365@example.com,cmp-0060,qualified,89,2024-03-18
L-0355,user366@example.com,cmp-0063,won,2,2024-03-19
L-0356,user367@example.com,cmp-0066,lost,15,2024-03-20
L-0357,user368@example.com,cmp-0069,open,28,2024-03-21
L-0358,user369@example.com,cmp-0072,qualified,41,2024-03-22
L-0359,user370@example.com,cmp-0075,won,54,2024-03-23
L-0360,user371@example.com,cmp-0078,lost,67,2024-03-24
L-0361,user372@example.com,cmp-0081,open,80,2024-03-25
L-0362,user373@example.com,cmp-0084,qualified,93,2024-03-26
L-0363,user374@example.com,cmp-0087,won,6,2024-03-27
L-0364,user375@example.com,cmp-0090,lost,19,2024-03-28
L-0365,user376@example.com,cmp-0093,open,32,2024-03-01
L-0366,user377@example.com,cmp-0096,qualified,45,2024-03-02
L-0367,user378@example.com,cmp-0099,won,58,2024-03-03
L-0368,user379@example.com,cmp-0102,lost,71,2024-03-04
L-0369,user380@example.com,cmp-0105,open,84,2024-03-05
L-0370,user381@example.com,cmp-0108,qualified,97,2024-03-06
L-0371,user382@example.com,cmp-0111,won,10,2024-03-07
L-0372,user383@example.com,cmp-0114,lost,23,2024-03-08
L-0373,user384@example.com,cmp-0117,open,36,2024-03-09
L-0374,user385@example.com,cmp-0120,qualified,49,2024-03-10
L-0375,user386@example.com,cmp-0123,won,62,2024-03-11
L-0376,user387@example.com,cmp-0126,lost,75,2024-03-12
L-0377,user388@example.com,cmp-0129,open,88,2024-03-13
L-0378,ada@example.com,cmp-0132,qualified,1,2024-03-14
L-0379,user390@example.com,cmp-0135,won,14,2024-03-15
L-0380,user391@example.com,cmp-0138,lost,27,2024-03-16
L-0381,user392@example.com,cmp-0141,open,40,2024-03-17
L-0382,user393@example.com,cmp-0144,qualified,53,2024-03-18
L-0383,user394@example.com,cmp-0147,won,66,2024-03-19
L-0384,user395@example.com,cmp-0150,lost,79,2024-03-20
L-0385,user396@example.com,cmp-0153,open,92,2024-03-21
L-0386,user397@example.com,cmp-0156,qualified,5,2024-03-22
L-0387,user398@example.com,cmp-0159,won,18,2024-03-23
L-0388,user399@example.com,cmp-0162,lost,31,2024-03-24
L-0389,user400@example.com,cmp-0165,open,44,2024-03-25
L-0390,user401@example.com,cmp-0168,qualified,57,2024-03-26
L-0391,user402@example.com,cmp-0171,won,70,2024-03-27
L-0392,user403@example.com,cmp-0174,lost,83,2024-03-28
L-0393,user404@example.com,cmp-0177,open,96,2024-03-01
L-0394,user405@example.com,cmp-0180,qualified,9,2024-03-02
L-0395,user406@example.com,cmp-0183,won,22,2024-03-03
L-0396,user407@example.com,cmp-0186,lost,35,2024-03-04
L-0397,user408@example.com,cmp-0189,open,48,2024-03-05
L-0398,user409@example.com,cmp-0192,qualified,61,2024-03-06
L-0399,user410@example.com,cmp-0195,won,74,2024-03-07
L-0400,user411@example.com,cmp-0198,lost,87,2024-03-08
L-0401,user412@example.com,cmp-0201,open,0,2024-03-09
L-0402,user413@example.com,cmp-0204,qualified,13,2024-03-10
L-0403,user414@example.com,cmp-0207,won,26,2024-03-11
L-0404,user415@example.com,cmp-0210,lost,39,2024-03-12
L-0405,alan@example.com,cmp-0213,open,52,2024-03-13
L-0406,user417@example.com,cmp-0216,qualified,65,2024-03-14
L-0407,user418@example.com,cmp-0219,won,78,2024-03-15
L-0408,user419@example.com,cmp-0222,lost,91,2024-03-16
L-0409,user420@example.com,cmp-0225,open,4,2024-03-17
L-0410,user421@example.com,cmp-0228,qualified,17,2024-03-18
L-0411,user422@example.com,cmp-0231,won,30,2024-03-19
L-0412,user423@example.com,cmp-0234,lost,43,2024-03-20
L-0413,user424@example.com,cmp-0237,open,56,2024-03-21
L-0414,user425@example.com,cmp-0240,qualified,69,2024-03-22
L-0415,user426@example.com,cmp-0243,won,82,2024-03-23
L-0416,user427@example.com,cmp-0246,lost,95,2024-03-24
L-0417,user428@example.com,cmp-0249,open,8,2024-03-25
L-0418,user429@example.com,cmp-0252,qualified,21,2024-03-26
L-0419,user430@example.com,cmp-0255,won,34,2024-03-27
L-0420,user431@example.com,cmp-0258,lost,47,2024-03-28
L-0421,user432@example.com,cmp-0261,open,60,2024-03-01
L-0422,user433@example.com,cmp-0264,qualified,73,2024-03-02
L-0423,user434@example.com,cmp-0267,won,86,2024-03-03
L-0424,user435@example.com,cmp-0270,lost,99,2024-03-04
L-0425,user436@example.com,cmp-0273,open,12,2024-03-05
L-0426,user437@example.com,cmp-0276,qualified,25,2024-03-06
L-0427,user438@example.com,cmp-0279,won,38,2024-03-07
L-0428,user439@example.com,cmp-0282,lost,51,2024-03-08
L-0429,user440@example.com,cmp-0285,open,64,2024-03-09
L-0430,user441@example.com,cmp-0288,qualified,77,2024-03-10
L-0431,user442@example.com,cmp-0291,won,90,2024-03-11
L-0432,user443@example.com,cmp-0294,lost,3,2024-03-12
L-0433,user444@example.com,cmp-0297,open,16,2024-03-13
L-0434,user445@example.com,cmp-0300,qualified,29,2024-03-14
L-0435,grace@example.com,cmp-0303,won,42,2024-03-15
L-0436,user447@example.com,cmp-0306,lost,55,2024-03-16
L-0437,user448@example.com,cmp-0309,open,68,2024-03-17
L-0438,user449@example.com,cmp-0312,qualified,81,2024-03-18
L-0439,user450@example.com,cmp-0315,won,94,2024-03-19
L-0440,user451@example.com,cmp-0318,lost,7,2024-03-20
L-0441,user452@example.com,cmp-0321,open,20,2024-03-21
L-0442,user453@example.com,cmp-0324,qualified,33,2024-03-22
L-0443,user454@example.com,cmp-0327,won,46,2024-03-23
L-0444,user455@example.com,cmp-0330,lost,59,2024-03-24
L-0445,user456@example.com,cmp-0333,open,72,2024-03-25
L-0446,user457@example.com,cmp-0336,qualified,85,2024-03-26
L-0447,user458@example.com,cmp-0339,won,98,2024-03-27
L-0448,user459@example.com,cmp-0342,lost,11,2024-03-28
L-0449,user460@example.com,cmp-0345,open,24,2024-03-01
L-0450,user461@example.com,cmp-0348,qualified,37,2024-03-02
L-0451,user462@example.com,cmp-0351,won,50,2024-03-03
L-0452,user463@example.com,cmp-0354,lost,63,2024-03-04
L-0453,user464@example.com,cmp-0357,open,76,2024-03-05
L-0454,user465@example.com,cmp-0360,qualified,89,2024-03-06
L-0455,user466@example.com,cmp-0363,won,2,2024-03-07
L-0456,user467@example.com,cmp-0366,lost,15,2024-03-08
L-0457,user468@example.com,cmp-0369,open,28,2024-03-09
L-0458,user469@example.com,cmp-0372,qualified,41,2024-03-10
L-0459,user470@example.com,cmp-0375,won,54,2024-03-11
L-0460,user471@example.com,cmp-0378,lost,67,2024-03-12
L-0461,user472@example.com,cmp-0381,open,80,2024-03-13
L-0462,user473@example.com,cmp-0384,qualified,93,2024-03-14
L-0463,user474@example.com,cmp-0387,won,6,2024-03-15
L-0464,user475@example.com,cmp-0390,lost,19,2024-03-16
L-0465,user476@example.com,cmp-0393,open,32,2024-03-17
L-0466,user477@example.com,cmp-0396,qualified,45,2024-03-18
L-0467,user478@example.com,cmp-0399,won,58,2024-03-19
L-0468,user479@example.com,cmp-0402,lost,71,2024-03-20
L-0469,user480@example.com,cmp-0405,open,84,2024-03-21
L-0470,user481@example.com,cmp-0408,qualified,97,2024-03-22
L-0471,user482@example.com,cmp-0411,won,10,2024-03-23
L-0472,user483@example.com,cmp-0414,lost,23,2024-03-24
L-0473,user484@example.com,cmp-0417,open,36,2024-03-25
L-0474,user485@example.com,cmp-0420,qualified,49,2024-03-26
L-0475,ada@example.com,cmp-0423,won,62,2024-03-27
L-0476,user487@example.com,cmp-0426,lost,75,2024-03-28
L-0477,user488@example.com,cmp-0429,open,88,2024-03-01
L-0478,user489@example.com,cmp-0432,qualified,1,2024-03-02
L-0479,user490@example.com,cmp-0435,won,14,2024-03-03
L-0480,user491@example.com,cmp-0438,lost,27,2024-03-04
L-0481,user492@example.com,cmp-0441,open,40,2024-03-05
L-0482,user493@example.com,cmp-0444,qualified,53,2024-03-06
L-0483,user494@example.com,cmp-0447,won,66,2024-03-07
L-0484,user495@example.com,cmp-0450,lost,79,2024-03-08
L-0485,user496@example.com,cmp-0453,open,92,2024-03-09
L-0486,user497@example.com,cmp-0456,qualified,5,2024-03-10
L-0487,user498@example.com,cmp-0459,won,18,2024-03-11
L-0488,alan@example.com,cmp-0462,lost,31,2024-03-12
L-0489,user500@example.com,cmp-0465,open,44,2024-03-13
L-0490,user501@example.com,cmp-0468,qualified,57,2024-03-14
L-0491,user502@example.com,cmp-0471,won,70,2024-03-15
L-0492,user503@example.com,cmp-0474,lost,83,2024-03-16
L-0493,user504@example.com,cmp-0477,open,96,2024-03-17
L-0494,user505@example.com,cmp-0480,qualified,9,2024-03-18
L-0495,user506@example.com,cmp-0483,won,22,2024-03-19
L-0496,user507@example.com,cmp-0486,lost,35,2024-03-20
L-0497,user508@example.com,cmp-0489,open,48,2024-03-21
L-0498,user509@example.com,cmp-0492,qualified,61,2024-03-22
L-0499,user510@example.com,cmp-0495,won,74,2024-03-23
L-0500,user511@example.com,cmp-0498,lost,87,2024-03-24
L-0501,user512@example.com,cmp-0501,open,0,2024-03-25
L-0502,user513@example.com,cmp-0504,qualified,13,2024-03-26
L-0503,user514@example.com,cmp-0507,won,26,2024-03-27
L-0504,user515@example.com,cmp-0510,lost,39,2024-03-28
L-0505,user516@example.com,cmp-0513,open,52,2024-03-01
L-0506,user517@example.com,cmp-0516,qualified,65,2024-03-02
L-0507,user518@example.com,cmp-0519,won,78,2024-03-03
L-0508,user519@example.com,cmp-0522,lost,91,2024-03-04
L-0509,user520@example.com,cmp-0525,open,4,2024-03-05
L-0510,user521@example.com,cmp-0528,qualified,17,2024-03-06
L-0511,user522@example.com,cmp-0531,won,30,2024-03-07
L-0512,user523@example.com,cmp-0534,lost,43,2024-03-08
L-0513,user524@example.com,cmp-0537,open,56,2024-03-09
L-0514,user525@example.com,cmp-0540,qualified,69,2024-03-10
L-0515,user526@example.com,cmp-0543,won,82,2024-03-11
L-0516,user527@example.com,cmp-0546,lost,95,2024-03-12
L-0517,user528@example.com,cmp-0549,open,8,2024-03-13
L-0518,user529@example.com,cmp-0552,qualified,21,2024-03-14
L-0519,user530@example.com,cmp-0555,won,34,2024-03-15
L-0520,user531@example.com,cmp-0558,lost,47,2024-03-16
L-0521,user532@example.com,cmp-0561,open,60,2024-03-17
L-0522,user533@example.com,cmp-0564,qualified,73,2024-03-18
L-0523,user534@example.com,cmp-0567,won,86,2024-03-19
L-0524,grace@example.com,cmp-0570,lost,99,2024-03-20
L-0525,user536@example.com,cmp-0573,open,12,2024-03-21
L-0526,user537@example.com,cmp-0576,qualified,25,2024-03-22
L-0527,user538@example.com,cmp-0579,won,38,2024-03-23
L-0528,user539@example.com,cmp-0582,lost,51,2024-03-24
L-0529,user540@example.com,cmp-0585,open,64,2024-03-25
L-0530,user541@example.com,cmp-0588,qualified,77,2024-03-26
L-0531,user542@example.com,cmp-0591,won,90,2024-03-27
L-0532,user543@example.com,cmp-0594,lost,3,2024-03-28
L-0533,user544@example.com,cmp-0597,open,16,2024-03-01
L-0534,user545@example.com,cmp-0600,qualified,29,2024-03-02
L-0535,user546@example.com,cmp-0603,won,42,2024-03-03
L-0536,user547@example.com,cmp-0606,lost,55,2024-03-04
L-0537,user548@example.com,cmp-0609,open,68,2024-03-05
L-0538,user549@example.com,cmp-0612,qualified,81,2024-03-06
L-0539,user550@example.com,cmp-0615,won,94,2024-03-07
L-0540,user551@example.com,cmp-0618,lost,7,2024-03-08
L-0541,user552@example.com,cmp-0621,open,20,2024-03-09
L-0542,user553@example.com,cmp-0624,qualified,33,2024-03-10
L-0543,user554@example.com,cmp-0627,won,46,2024-03-11
L-0544,user555@example.com,cmp-0630,lost,59,2024-03-12
L-0545,user556@example.com,cmp-0633,open,72,2024-03-13
L-0546,user557@example.com,cmp-0636,qualified,85,2024-03-14
L-0547,user558@example.com,cmp-0639,won,98,2024-03-15
L-0548,user559@example.com,cmp-0642,lost,11,2024-03-16
L-0549,user560@example.com,cmp-0645,open,24,2024-03-17
L-0550,user561@example.com,cmp-0648,qualified,37,2024-03-18
L-0551,user562@example.com,cmp-0651,won,50,2024-03-19
L-0552,user563@example.com,cmp-0654,lost,63,2024-03-20
L-0553,user564@example.com,cmp-0657,open,76,2024-03-21
L-0554,user565@example.com,cmp-0660,qualified,89,2024-03-22
L-0555,user566@example.com,cmp-0663,won,2,2024-03-23
L-0556,user567@example.com,cmp-0666,lost,15,2024-03-24
L-0557,user568@example.com,cmp-0669,open,28,2024-03-25
L-0558,user569@example.com,cmp-0672,qualified,41,2024-03-26
L-0559,user570@example.com,cmp-0675,won,54,2024-03-27
L-0560,user571@example.com,cmp-0678,lost,67,2024-03-28
L-0561,user572@example.com,cmp-0681,open,80,2024-03-01
L-0562,user573@example.com,cmp-0684,qualified,93,2024-03-02
L-0563,user574@example.com,cmp-0687,won,6,2024-03-03
L-0564,user575@example.com,cmp-0690,lost,19,2024-03-04
L-0565,user576@example.com,cmp-0693,open,32,2024-03-05
L-0566,user577@example.com,cmp-0696,qualified,45,2024-03-06
L-0567,user578@example.com,cmp-0699,won,58,2024-03-07
L-0568,user579@example.com,cmp-0702,lost,71,2024-03-08
L-0569,user580@example.com,cmp-0705,open,84,2024-03-09
L-0570,user581@example.com,cmp-0708,qualified,97,2024-03-10
L-0571,alan@example.com,cmp-0711,won,10,2024-03-11
L-0572,ada@example.com,cmp-0714,lost,23,2024-03-12
L-0573,user584@example.com,cmp-0717,open,36,2024-03-13
L-0574,user585@example.com,cmp-0720,qualified,49,2024-03-14
L-0575,user586@example.com,cmp-0723,won,62,2024-03-15
L-0576,user587@example.com,cmp-0726,lost,75,2024-03-16
L-0577,user588@example.com,cmp-0729,open,88,2024-03-17
L-0578,user589@example.com,cmp-0732,qualified,1,2024-03-18
L-0579,user590@example.com,cmp-0735,won,14,2024-03-19
L-0580,user591@example.com,cmp-0738,lost,27,2024-03-20
L-0581,user592@example.com,cmp-0741,open,40,2024-03-21
L-0582,user593@example.com,cmp-0744,qualified,53,2024-03-22
L-0583,user594@example.com,cmp-0747,won,66,2024-03-23
L-0584,user595@example.com,cmp-0750,lost,79,2024-03-24
L-0585,user596@example.com,cmp-0753,open,92,2024-03-25
L-0586,user597@example.com,cmp-0756,qualified,5,2024-03-26
L-0587,user598@example.com,cmp-0759,won,18,2024-03-27
L-0588,user599@example.com,cmp-0762,lost,31,2024-03-28
L-0589,user600@example.com,cmp-0765,open,44,2024-03-01
L-0590,user601@example.com,cmp-0768,qualified,57,2024-03-02
L-0591,user602@example.com,cmp-0771,won,70,2024-03-03
L-0592,user603@example.com,cmp-0774,lost,83,2024-03-04
L-0593,user604@example.com,cmp-0777,open,96,2024-03-05
L-0594,user605@example.com,cmp-0780,qualified,9,2024-03-06
L-0595,user606@example.com,cmp-0783,won,22,2024-03-07
L-0596,user607@example.com,cmp-0786,lost,35,2024-03-08
L-0597,user608@example.com,cmp-0789,open,48,2024-03-09
L-0598,user609@example.com,cmp-0792,qualified,61,2024-03-10
L-0599,user610@example.com,cmp-0795,won,74,2024-03-11
L-0600,user611@example.com,cmp-0798,lost,87,2024-03-12
L-0601,user612@example.com,cmp-0801,open,0,2024-03-13
L-0602,user613@example.com,cmp-0804,qualified,13,2024-03-14
L-0603,user614@example.com,cmp-0807,won,26,2024-03-15
L-0604,user615@example.com,cmp-0810,lost,39,2024-03-16
L-0605,user616@example.com,cmp-0813,open,52,2024-03-17
L-0606,user617@example.com,cmp-0816,qualified,65,2024-03-18
L-0607,user618@example.com,cmp-0819,won,78,2024-03-19
L-0608,user619@example.com,cmp-0822,lost,91,2024-03-20
L-0609,user620@example.com,cmp-0825,open,4,2024-03-21
L-0610,user621@example.com,cmp-0828,qualified,17,2024-03-22
L-0611,user622@example.com,cmp-0831,won,30,2024-03-23
L-0612,user623@example.com,cmp-0834,lost,43,2024-03-24
L-0613,grace@example.com,cmp-0837,open,56,2024-03-25
L-0614,user625@example.com,cmp-0840,qualified,69,2024-03-26
L-0615,user626@example.com,cmp-0843,won,82,2024-03-27
L-0616,user627@example.com,cmp-0846,lost,95,2024-03-28
L-0617,user628@example.com,cmp-0849,open,8,2024-03-01
L-0618,user629@example.com,cmp-0852,qualified,21,2024-03-02
L-0619,user630@example.com,cmp-0855,won,34,2024-03-03
L-0620,user631@example.com,cmp-0858,lost,47,2024-03-04
L-0621,user632@example.com,cmp-0861,open,60,2024-03-05
L-0622,user633@example.com,cmp-0864,qualified,73,2024-03-06
L-0623,user634@example.com,cmp-0867,won,86,2024-03-07
L-0624,user635@example.com,cmp-0870,lost,99,2024-03-08
L-0625,user636@example.com,cmp-0873,open,12,2024-03-09
L-0626,user637@example.com,cmp-0876,qualified,25,2024-03-10
L-0627,user638@example.com,cmp-0879,won,38,2024-03-11
L-0628,user639@example.com,cmp-0882,lost,51,2024-03-12
L-0629,user640@example.com,cmp-0885,open,64,2024-03-13
L-0630,user641@example.com,cmp-0888,qualified,77,2024-03-14
L-0631,user642@example.com,cmp-0891,won,90,2024-03-15
L-0632,user643@example.com,cmp-0894,lost,3,2024-03-16
L-0633,user644@example.com,cmp-0897,open,16,2024-03-17
L-0634,user645@example.com,cmp-0900,qualified,29,2024-03-18
L-0635,user646@example.com,cmp-0903,won,42,2024-03-19
L-0636,user647@example.com,cmp-0906,lost,55,2024-03-20
L-0637,user648@example.com,cmp-0909,open,68,2024-03-21
L-0638,user649@example.com,cmp-0912,qualified,81,2024-03-22
L-0639,user650@example.com,cmp-0915,won,94,2024-03-23
L-0640,user651@example.com,cmp-0918,lost,7,2024-03-24
L-0641,user652@example.com,cmp-0921,open,20,2024-03-25
L-0642,user653@example.com,cmp-0924,qualified,33,2024-03-26
L-0643,user654@example.com,cmp-0927,won,46,2024-03-27
L-0644,user655@example.com,cmp-0930,lost,59,2024-03-28
L-0645,user656@example.com,cmp-0933,open,72,2024-03-01
L-0646,user657@example.com,cmp-0936,qualified,85,2024-03-02
L-0647,user658@example.com,cmp-0939,won,98,2024-03-03
L-0648,user659@example.com,cmp-0942,lost,11,2024-03-04
L-0649,user660@example.com,cmp-0945,open,24,2024-03-05
L-0650,user661@example.com,cmp-0948,qualified,37,2024-03-06
L-0651,user662@example.com,cmp-0951,won,50,2024-03-07
L-0652,user663@example.com,cmp-0954,lost,63,2024-03-08
L-0653,user664@example.com,cmp-0957,open,76,2024-03-09
L-0654,alan@example.com,cmp-0960,qualified,89,2024-03-10
L-0655,user666@example.com,cmp-0963,won,2,2024-03-11
L-0656,user667@example.com,cmp-0966,lost,15,2024-03-12
L-0657,user668@example.com,cmp-0969,open,28,2024-03-13
L-0658,user669@example.com,cmp-0972,qualified,41,2024-03-14
L-0659,user670@example.com,cmp-0975,won,54,2024-03-15
L-0660,user671@example.com,cmp-0978,lost,67,2024-03-16
L-0661,user672@example.com,cmp-0981,open,80,2024-03-17
L-0662,user673@example.com,cmp-0984,qualified,93,2024-03-18
L-0663,user674@example.com,cmp-0987,won,6,2024-03-19
L-0664,user675@example.com,cmp-0990,lost,19,2024-03-20
L-0665,user676@example.com,cmp-0993,open,32,2024-03-21
L-0666,user677@example.com,cmp-0996,qualified,45,2024-03-22
L-0667,user678@example.com,cmp-0999,won,58,2024-03-23
L-0668,user679@example.com,cmp-0002,lost,71,2024-03-24
L-0669,ada@example.com,cmp-0005,open,84,2024-03-25
L-0670,user681@example.com,cmp-0008,qualified,97,2024-03-26
L-0671,user682@example.com,cmp-0011,won,10,2024-03-27
L-0672,user683@example.com,cmp-0014,lost,23,2024-03-28
L-0673,user684@example.com,cmp-0017,open,36,2024-03-01
L-0674,user685@example.com,cmp-0020,qualified,49,2024-03-02
L-0675,user686@example.com,cmp-0023,won,62,2024-03-03
L-0676,user687@example.com,cmp-0026,lost,75,2024-03-04
L-0677,user688@example.com,cmp-0029,open,88,2024-03-05
L-0678,user689@example.com,cmp-0032,qualified,1,2024-03-06
L-0679,user690@example.com,cmp-0035,won,14,2024-03-07
L-0680,user691@example.com,cmp-0038,lost,27,2024-03-08
L-0681,user692@example.com,cmp-0041,open,40,2024-03-09
L-0682,user693@example.com,cmp-0044,qualified,53,2024-03-10
L-0683,user694@example.com,cmp-0047,won,66,2024-03-11
L-0684,user695@example.com,cmp-0050,lost,79,2024-03-12
L-0685,user696@example.com,cmp-0053,open,92,2024-03-13
L-0686,user697@example.com,cmp-0056,qualified,5,2024-03-14
L-0687,user698@example.com,cmp-0059,won,18,2024-03-15
L-0688,user699@example.com,cmp-0062,lost,31,2024-03-16
L-0689,user700@example.com,cmp-0065,open,44,2024-03-17
L-0690,user701@example.com,cmp-0068,qualified,57,2024-03-18
L-0691,user702@example.com,cmp-0071,won,70,2024-03-19
L-0692,user703@example.com,cmp-0074,lost,83,2024-03-20
L-0693,user704@example.com,cmp-0077,open,96,2024-03-21
L-0694,user705@example.com,cmp-0080,qualified,9,2024-03-22
L-0695,user706@example.com,cmp-0083,won,22,2024-03-23
L-0696,user707@example.com,cmp-0086,lost,35,2024-03-24
L-0697,user708@example.com,cmp-0089,open,48,2024-03-25
L-0698,user709@example.com,cmp-0092,qualified,61,2024-03-26
L-0699,user710@example.com,cmp-0095,won,74,2024-03-27
L-0700,user711@example.com,cmp-0098,lost,87,2024-03-28
L-0701,user712@example.com,cmp-0101,open,0,2024-03-01
L-0702,grace@example.com,cmp-0104,qualified,13,2024-03-02
L-0703,user714@example.com,cmp-0107,won,26,2024-03-03
L-0704,user715@example.com,cmp-0110,lost,39,2024-03-04
L-0705,user716@example.com,cmp-0113,open,52,2024-03-05
L-0706,user717@example.com,cmp-0116,qualified,65,2024-03-06
L-0707,user718@example.com,cmp-0119,won,78,2024-03-07
L-0708,user719@example.com,cmp-0122,lost,91,2024-03-08
L-0709,user720@example.com,cmp-0125,open,4,2024-03-09
L-0710,user721@example.com,cmp-0128,qualified,17,2024-03-10
L-0711,user722@example.com,cmp-0131,won,30,2024-03-11
L-0712,user723@example.com,cmp-0134,lost,43,2024-03-12
L-0713,user724@example.com,cmp-0137,open,56,2024-03-13
L-0714,user725@example.com,cmp-0140,qualified,69,2024-03-14
L-0715,user726@example.com,cmp-0143,won,82,2024-03-15
L-0716,user727@example.com,cmp-0146,lost,95,2024-03-16
L-0717,user728@example.com,cmp-0149,open,8,2024-03-17
L-0718,user729@example.com,cmp-0152,qualified,21,2024-03-18
L-0719,user730@example.com,cmp-0155,won,34,2024-03-19
L-0720,user731@example.com,cmp-0158,lost,47,2024-03-20
L-0721,user732@example.com,cmp-0161,open,60,2024-03-21
L-0722,user733@example.com,cmp-0164,qualified,73,2024-03-22
L-0723,user734@example.com,cmp-0167,won,86,2024-03-23
L-0724,user735@example.com,cmp-0170,lost,99,2024-03-24
L-0725,user736@example.com,cmp-0173,open,12,2024-03-25
L-0726,user737@example.com,cmp-0176,qualified,25,2024-03-26
L-0727,user738@example.com,cmp-0179,won,38,2024-03-27
L-0728,user739@example.com,cmp-0182,lost,51,2024-03-28
L-0729,user740@example.com,cmp-0185,open,64,2024-03-01
L-0730,user741@example.com,cmp-0188,qualified,77,2024-03-02
L-0731,user742@example.com,cmp-0191,won,90,2024-03-03
L-0732,user743@example.com,cmp-0194,lost,3,2024-03-04
L-0733,user744@example.com,cmp-0197,open,16,2024-03-05
L-0734,user745@example.com,cmp-0200,qualified,29,2024-03-06
L-0735,user746@example.com,cmp-0203,won,42,2024-03-07
L-0736,user747@example.com,cmp-0206,lost,55,2024-03-08
L-0737,alan@example.com,cmp-0209,open,68,2024-03-09
L-0738,user749@example.com,cmp-0212,qualified,81,2024-03-10
L-0739,user750@example.com,cmp-0215,won,94,2024-03-11
L-0740,user751@example.com,cmp-0218,lost,7,2024-03-12
L-0741,user752@example.com,cmp-0221,open,20,2024-03-13
L-0742,user753@example.com,cmp-0224,qualified,33,2024-03-14
L-0743,user754@example.com,cmp-0227,won,46,2024-03-15
L-0744,user755@example.com,cmp-0230,lost,59,2024-03-16
L-0745,user756@example.com,cmp-0233,open,72,2024-03-17
L-0746,user757@example.com,cmp-0236,qualified,85,2024-03-18
L-0747,user758@example.com,cmp-0239,won,98,2024-03-19
L-0748,user759@example.com,cmp-0242,lost,11,2024-03-20
L-0749,user760@example.com,cmp-0245,open,24,2024-03-21
L-0750,user761@example.com,cmp-0248,qualified,37,2024-03-22
L-0751,user762@example.com,cmp-0251,won,50,2024-03-23
L-0752,user763@example.com,cmp-0254,lost,63,2024-03-24
L-0753,user764@example.com,cmp-0257,open,76,2024-03-25
L-0754,user765@example.com,cmp-0260,qualified,89,2024-03-26
L-0755,user766@example.com,cmp-0263,won,2,2024-03-27
L-0756,user767@example.com,cmp-0266,lost,15,2024-03-28
L-0757,user768@example.com,cmp-0269,open,28,2024-03-01
L-0758,user769@example.com,cmp-0272,qualified,41,2024-03-02
L-0759,user770@example.com,cmp-0275,won,54,2024-03-03
L-0760,user771@example.com,cmp-0278,lost,67,2024-03-04
L-0761,user772@example.com,cmp-0281,open,80,2024-03-05
L-0762,user773@example.com,cmp-0284,qualified,93,2024-03-06
L-0763,user774@example.com,cmp-0287,won,6,2024-03-07
L-0764,user775@example.com,cmp-0290,lost,19,2024-03-08
L-0765,user776@example.com,cmp-0293,open,32,2024-03-09
L-0766,ada@example.com,cmp-0296,qualified,45,2024-03-10
L-0767,user778@example.com,cmp-0299,won,58,2024-03-11
L-0768,user779@example.com,cmp-0302,lost,71,2024-03-12
L-0769,user780@example.com,cmp-0305,open,84,2024-03-13
L-0770,user781@example.com,cmp-0308,qualified,97,2024-03-14
L-0771,user782@example.com,cmp-0311,won,10,2024-03-15
L-0772,user783@example.com,cmp-0314,lost,23,2024-03-16
L-0773,user784@example.com,cmp-0317,open,36,2024-03-17
L-0774,user785@example.com,cmp-0320,qualified,49,2024-03-18
L-0775,user786@example.com,cmp-0323,won,62,2024-03-19
L-0776,user787@example.com,cmp-0326,lost,75,2024-03-20
L-0777,user788@example.com,cmp-0329,open,88,2024-03-21
L-0778,user789@example.com,cmp-0332,qualified,1,2024-03-22
L-0779,user790@example.com,cmp-0335,won,14,2024-03-23
L-0780,user791@example.com,cmp-0338,lost,27,2024-03-24
L-0781,user792@example.com,cmp-0341,open,40,2024-03-25
L-0782,user793@example.com,cmp-0344,qualified,53,2024-03-26
L-0783,user794@example.com,cmp-0347,won,66,2024-03-27
L-0784,user795@example.com,cmp-0350,lost,79,2024-03-28
L-0785,user796@example.com,cmp-0353,open,92,2024-03-01
L-0786,user797@example.com,cmp-0356,qualified,5,2024-03-02
L-0787,user798@example.com,cmp-0359,won,18,2024-03-03
L-0788,user799@example.com,cmp-0362,lost,31,2024-03-04
L-0789,user800@example.com,cmp-0365,open,44,2024-03-05
L-0790,user801@example.com,cmp-0368,qualified,57,2024-03-06
L-0791,grace@example.com,cmp-0371,won,70,2024-03-07
L-0792,user803@example.com,cmp-0374,lost,83,2024-03-08
L-0793,user804@example.com,cmp-0377,open,96,2024-03-09
L-0794,user805@example.com,cmp-0380,qualified,9,2024-03-10
L-0795,user806@example.com,cmp-0383,won,22,2024-03-11
L-0796,user807@example.com,cmp-0386,lost,35,2024-03-12
L-0797,user808@example.com,cmp-0389,open,48,2024-03-13
L-0798,user809@example.com,cmp-0392,qualified,61,2024-03-14
L-0799,user810@example.com,cmp-0395,won,74,2024-03-15
L-0800,user811@example.com,cmp-0398,lost,87,2024-03-16
L-0801,user812@example.com,cmp-0401,open,0,2024-03-17
L-0802,user813@example.com,cmp-0404,qualified,13,2024-03-18
L-0803,user814@example.com,cmp-0407,won,26,2024-03-19
L-0804,user815@example.com,cmp-0410,lost,39,2024-03-20
L-0805,user816@example.com,cmp-0413,open,52,2024-03-21
L-0806,user817@example.com,cmp-0416,qualified,65,2024-03-22
L-0807,user818@example.com,cmp-0419,won,78,2024-03-23
L-0808,user819@example.com,cmp-0422,lost,91,2024-03-24
L-0809,user820@example.com,cmp-0425,open,4,2024-03-25
L-0810,user821@example.com,cmp-0428,qualified,17,2024-03-26
L-0811,user822@example.com,cmp-0431,won,30,2024-03-27
L-0812,user823@example.com,cmp-0434,lost,43,2024-03-28
L-0813,user824@example.com,cmp-0437,open,56,2024-03-01
L-0814,user825@example.com,cmp-0440,qualified,69,2024-03-02
L-0815,user826@example.com,cmp-0443,won,82,2024-03-03
L-0816,user827@example.com,cmp-0446,lost,95,2024-03-04
L-0817,user828@example.com,cmp-0449,open,8,2024-03-05
L-0818,user829@example.com,cmp-0452,qualified,21,2024-03-06
L-0819,user830@example.com,cmp-0455,won,34,2024-03-07
L-0820,alan@example.com,cmp-0458,lost,47,2024-03-08
L-0821,user832@example.com,cmp-0461,open,60,2024-03-09
L-0822,user833@example.com,cmp-0464,qualified,73,2024-03-10
L-0823,user834@example.com,cmp-0467,won,86,2024-03-11
L-0824,user835@example.com,cmp-0470,lost,99,2024-03-12
L-0825,user836@example.com,cmp-0473,open,12,2024-03-13
L-0826,user837@example.com,cmp-0476,qualified,25,2024-03-14
L-0827,user838@example.com,cmp-0479,won,38,2024-03-15
L-0828,user839@example.com,cmp-0482,lost,51,2024-03-16
L-0829,user840@example.com,cmp-0485,open,64,2024-03-17
L-0830,user841@example.com,cmp-0488,qualified,77,2024-03-18
L-0831,user842@example.com,cmp-0491,won,90,2024-03-19
L-0832,user843@example.com,cmp-0494,lost,3,2024-03-20
L-0833,user844@example.com,cmp-0497,open,16,2024-03-21
L-0834,user845@example.com,cmp-0500,qualified,29,2024-03-22
L-0835,user846@example.com,cmp-0503,won,42,2024-03-23
L-0836,user847@example.com,cmp-0506,lost,55,2024-03-24
L-0837,user848@example.com,cmp-0509,open,68,2024-03-25
L-0838,user849@example.com,cmp-0512,qualified,81,2024-03-26
L-0839,user850@example.com,cmp-0515,won,94,2024-03-27
L-0840,user851@example.com,cmp-0518,lost,7,2024-03-28
L-0841,user852@example.com,cmp-0521,open,20,2024-03-01
L-0842,user853@example.com,cmp-0524,qualified,33,2024-03-02
L-0843,user854@example.com,cmp-0527,won,46,2024-03-03
L-0844,user855@example.com,cmp-0530,lost,59,2024-03-04
L-0845,user856@example.com,cmp-0533,open,72,2024-03-05
L-0846,user857@example.com,cmp-0536,qualified,85,2024-03-06
L-0847,user858@example.com,cmp-0539,won,98,2024-03-07
L-0848,user859@example.com,cmp-0542,lost,11,2024-03-08
L-0849,user860@example.com,cmp-0545,open,24,2024-03-09
L-0850,user861@example.com,cmp-0548,qualified,37,2024-03-10
L-0851,user862@example.com,cmp-0551,won,50,2024-03-11
L-0852,user863@example.com,cmp-0554,lost,63,2024-03-12
L-0853,user864@example.com,cmp-0557,open,76,2024-03-13
L-0854,user865@example.com,cmp-0560,qualified,89,2024-03-14
L-0855,user866@example.com,cmp-0563,won,2,2024-03-15
L-0856,user867@example.com,cmp-0566,lost,15,2024-03-16
L-0857,user868@example.com,cmp-0569,open,28,2024-03-17
L-0858,user869@example.com,cmp-0572,qualified,41,2024-03-18
L-0859,user870@example.com,cmp-0575,won,54,2024-03-19
L-0860,user871@example.com,cmp-0578,lost,67,2024-03-20
L-0861,user872@example.com,cmp-0581,open,80,2024-03-21
L-0862,user873@example.com,cmp-0584,qualified,93,2024-03-22
L-0863,ada@example.com,cmp-0587,won,6,2024-03-23
L-0864,user875@example.com,cmp-0590,lost,19,2024-03-24
L-0865,user876@example.com,cmp-0593,open,32,2024-03-25
L-0866,user877@example.com,cmp-0596,qualified,45,2024-03-26
L-0867,user878@example.com,cmp-0599,won,58,2024-03-27
L-0868,user879@example.com,cmp-0602,lost,71,2024-03-28
L-0869,user880@example.com,cmp-0605,open,84,2024-03-01
L-0870,user881@example.com,cmp-0608,qualified,97,2024-03-02
L-0871,user882@example.com,cmp-0611,won,10,2024-03-03
L-0872,user883@example.com,cmp-0614,lost,23,2024-03-04
L-0873,user884@example.com,cmp-0617,open,36,2024-03-05
L-0874,user885@example.com,cmp-0620,qualified,49,2024-03-06
L-0875,user886@example.com,cmp-0623,won,62,2024-03-07
L-0876,user887@example.com,cmp-0626,lost,75,2024-03-08
L-0877,user888@example.com,cmp-0629,open,88,2024-03-09
L-0878,user889@example.com,cmp-0632,qualified,1,2024-03-10
L-0879,user890@example.com,cmp-0635,won,14,2024-03-11
L-0880,grace@example.com,cmp-0638,lost,27,2024-03-12
L-0881,user892@example.com,cmp-0641,open,40,2024-03-13
L-0882,user893@example.com,cmp-0644,qualified,53,2024-03-14
L-0883,user894@example.com,cmp-0647,won,66,2024-03-15
L-0884,user895@example.com,cmp-0650,lost,79,2024-03-16
L-0885,user896@example.com,cmp-0653,open,92,2024-03-17
L-0886,user897@example.com,cmp-0656,qualified,5,2024-03-18
L-0887,user898@example.com,cmp-0659,won,18,2024-03-19
L-0888,user899@example.com,cmp-0662,lost,31,2024-03-20
L-0889,user900@example.com,cmp-0665,open,44,2024-03-21
L-0890,user901@example.com,cmp-0668,qualified,57,2024-03-22
L-0891,user902@example.com,cmp-0671,won,70,2024-03-23
L-0892,user903@example.com,cmp-0674,lost,83,2024-03-24
L-0893,user904@example.com,cmp-0677,open,96,2024-03-25
L-0894,user905@example.com,cmp-0680,qualified,9,2024-03-26
L-0895,user906@example.com,cmp-0683,won,22,2024-03-27
L-0896,user907@example.com,cmp-0686,lost,35,2024-03-28
L-0897,user908@example.com,cmp-0689,open,48,2024-03-01
L-0898,user909@example.com,cmp-0692,qualified,61,2024-03-02
L-0899,user910@example.com,cmp-0695,won,74,2024-03-03
L-0900,user911@example.com,cmp-0698,lost,87,2024-03-04
L-0901,user912@example.com,cmp-0701,open,0,2024-03-05
L-0902,user913@example.com,cmp-0704,qualified,13,2024-03-06
L-0903,alan@example.com,cmp-0707,won,26,2024-03-07
L-0904,user915@example.com,cmp-0710,lost,39,2024-03-08
L-0905,user916@example.com,cmp-0713,open,52,2024-03-09
L-0906,user917@example.com,cmp-0716,qualified,65,2024-03-10
L-0907,user918@example.com,cmp-0719,won,78,2024-03-11
L-0908,user919@example.com,cmp-0722,lost,91,2024-03-12
L-0909,user920@example.com,cmp-0725,open,4,2024-03-13
L-0910,user921@example.com,cmp-0728,qualified,17,2024-03-14
L-0911,user922@example.com,cmp-0731,won,30,2024-03-15
L-0912,user923@example.com,cmp-0734,lost,43,2024-03-16
L-0913,user924@example.com,cmp-0737,open,56,2024-03-17
L-0914,user925@example.com,cmp-0740,qualified,69,2024-03-18
L-0915,user926@example.com,cmp-0743,won,82,2024-03-19
L-0916,user927@example.com,cmp-0746,lost,95,2024-03-20
L-0917,user928@example.com,cmp-0749,open,8,2024-03-21
L-0918,user929@example.com,cmp-0752,qualified,21,2024-03-22
L-0919,user930@example.com,cmp-0755,won,34,2024-03-23
L-0920,user931@example.com,cmp-0758,lost,47,2024-03-24
L-0921,user932@example.com,cmp-0761,open,60,2024-03-25
L-0922,user933@example.com,cmp-0764,qualified,73,2024-03-26
L-0923,user934@example.com,cmp-0767,won,86,2024-03-27
L-0924,user935@example.com,cmp-0770,lost,99,2024-03-28
L-0925,user936@example.com,cmp-0773,open,12,2024-03-01
L-0926,user937@example.com,cmp-0776,qualified,25,2024-03-02
L-0927,user938@example.com,cmp-0779,won,38,2024-03-03
L-0928,user939@example.com,cmp-0782,lost,51,2024-03-04
L-0929,user940@example.com,cmp-0785,open,64,2024-03-05
L-0930,user941@example.com,cmp-0788,qualified,77,2024-03-06
L-0931,user942@example.com,cmp-0791,won,90,2024-03-07
L-0932,user943@example.com,cmp-0794,lost,3,2024-03-08
L-0933,user944@example.com,cmp-0797,open,16,2024-03-09
L-0934,user945@example.com,cmp-0800,qualified,29,2024-03-10
L-0935,user946@example.com,cmp-0803,won,42,2024-03-11
L-0936,user947@example.com,cmp-0806,lost,55,2024-03-12
L-0937,user948@example.com,cmp-0809,open,68,2024-03-13
L-0938,user949@example.com,cmp-0812,qualified,81,2024-03-14
L-0939,user950@example.com,cmp-0815,won,94,2024-03-15
L-0940,user951@example.com,cmp-0818,lost,7,2024-03-16
L-0941,user952@example.com,cmp-0821,open,20,2024-03-17
L-0942,user953@example.com,cmp-0824,qualified,33,2024-03-18
L-0943,user954@example.com,cmp-0827,won,46,2024-03-19
L-0944,user955@example.com,cmp-0830,lost,59,2024-03-20
L-0945,user956@example.com,cmp-0833,open,72,2024-03-21
L-0946,user957@example.com,cmp-0836,qualified,85,2024-03-22
L-0947,user958@example.com,cmp-0839,won,98,2024-03-23
L-0948,user959@example.com,cmp-0842,lost,11,2024-03-24
L-0949,user960@example.com,cmp-0845,open,24,2024-03-25
L-0950,user961@example.com,cmp-0848,qualified,37,2024-03-26
L-0951,user962@example.com,cmp-0851,won,50,2024-03-27
L-0952,user963@example.com,cmp-0854,lost,63,2024-03-28
L-0953,user964@example.com,cmp-0857,open,76,2024-03-01
L-0954,user965@example.com,cmp-0860,qualified,89,2024-03-02
L-0955,user966@example.com,cmp-0863,won,2,2024-03-03
L-0956,user967@example.com,cmp-0866,lost,15,2024-03-04
L-0957,user968@example.com,cmp-0869,open,28,2024-03-05
L-0958,user969@example.com,cmp-0872,qualified,41,2024-03-06
L-0959,user970@example.com,cmp-0875,won,54,2024-03-07
L-0960,ada@example.com,cmp-0878,lost,67,2024-03-08
L-0961,user972@example.com,cmp-0881,open,80,2024-03-09
L-0962,user973@example.com,cmp-0884,qualified,93,2024-03-10
L-0963,user974@example.com,cmp-0887,won,6,2024-03-11
L-0964,user975@example.com,cmp-0890,lost,19,2024-03-12
L-0965,user976@example.com,cmp-0893,open,32,2024-03-13
L-0966,user977@example.com,cmp-0896,qualified,45,2024-03-14
L-0967,user978@example.com,cmp-0899,won,58,2024-03-15
L-0968,user979@example.com,cmp-0902,lost,71,2024-03-16
L-0969,grace@example.com,cmp-0905,open,84,2024-03-17
L-0970,user981@example.com,cmp-0908,qualified,97,2024-03-18
L-0971,user982@example.com,cmp-0911,won,10,2024-03-19
L-0972,user983@example.com,cmp-0914,lost,23,2024-03-20
L-0973,user984@example.com,cmp-0917,open,36,2024-03-21
L-0974,user985@example.com,cmp-0920,qualified,49,2024-03-22
L-0975,user986@example.com,cmp-0923,won,62,2024-03-23
L-0976,user987@example.com,cmp-0926,lost,75,2024-03-24
L-0977,user988@example.com,cmp-0929,open,88,2024-03-25
L-0978,user989@example.com,cmp-0932,qualified,1,2024-03-26
L-0979,user990@example.com,cmp-0935,won,14,2024-03-27
L-0980,user991@example.com,cmp-0938,lost,27,2024-03-28
L-0981,user992@example.com,cmp-0941,open,40,2024-03-01
L-0982,user993@example.com,cmp-0944,qualified,53,2024-03-02
L-0983,user994@example.com,cmp-0947,won,66,2024-03-03
L-0984,user995@example.com,cmp-0950,lost,79,2024-03-04
L-0985,user996@example.com,cmp-0953,open,92,2024-03-05
L-0986,alan@example.com,cmp-0956,qualified,5,2024-03-06
L-0987,user998@example.com,cmp-0959,won,18,2024-03-07
L-0988,user999@example.com,cmp-0962,lost,31,2024-03-08
L-0989,user1000@example.com,cmp-0965,open,44,2024-03-09
L-0990,user1001@example.com,cmp-0968,qualified,57,2024-03-10
L-0991,user1002@example.com,cmp-0971,won,70,2024-03-11
L-0992,user1003@example.com,cmp-0974,lost,83,2024-03-12
L-0993,user1004@example.com,cmp-0977,open,96,2024-03-13
L-0994,user1005@example.com,cmp-0980,qualified,9,2024-03-14
L-0995,user1006@example.com,cmp-0983,won,22,2024-03-15
L-0996,user1007@example.com,cmp-0986,lost,35,2024-03-16
L-0997,user1008@example.com,cmp-0989,open,48,2024-03-17
L-0998,user1009@example.com,cmp-0992,qualified,61,2024-03-18
L-0999,user1010@example.com,cmp-0995,won,74,2024-03-19
L-1000,user1011@example.com,cmp-0998,lost,87,2024-03-20